cd apps/lab && node tests/l/shell/run-mutants.mjs && node tests/l/ui/run-mutants.mjs
killed  L1-X01 a consumer-only user gets the workspace picker — killed by "L1-A01 a signed-in user with no provider membership (consumer-only) is denied"
killed  L1-X02 an unmatched cookie falls back to the first workspace — killed by "L1-A03 several memberships and no valid choice ask the user to select"
killed  L1-X03 a single membership is not auto-selected — killed by "L1-A02 a single membership is selected without asking"
killed  L1-X04 a failed read reads as denied — killed by "L1-A05 a failed membership read is unavailable, never denied and never a workspace"
killed  L1-X05 memberships are read before the session is checked — killed by "L1-A06 a signed-out request is signed-out and never reads memberships"
killed  L1-X06 a signed-out request is treated as signed in — killed by "L1-A06 a signed-out request is signed-out and never reads memberships"
killed  L1-X07 the selection action falls back to any workspace — killed by "L1-A07 the selection action accepts only one of the user's own workspaces"
killed  L1-X08 the denial offers the consumer signup grant — killed by "L1-A08 the denial copy keeps consumer onboarding in the App: no signup, credits or onboarding offer"
killed  L1-X09 a picker state counts as a selected workspace — killed by "L1-A09 a page needs a selected workspace; the selection action needs a provider session"
killed  L1-X10 a denied user counts as a provider session — killed by "L1-A09 a page needs a selected workspace; the selection action needs a provider session"
killed  L1-X11 the membership read sends a client-side identity — killed by "L1-M01 the membership read is the named RPC over the user's own session, with no identity argument"
killed  L1-X12 an RPC error reads as no memberships — killed by "L1-M02 an RPC error or a thrown transport is unavailable"
killed  L1-X13 a transport failure reads as no memberships — killed by "L1-M02 an RPC error or a thrown transport is unavailable"
killed  L1-X14 an unknown role is accepted — killed by "L1-M03 a malformed, unknown-role or duplicate row fails the whole read closed"
killed  L1-X15 a malformed row is skipped instead of failing the read — killed by "L1-M03 a malformed, unknown-role or duplicate row fails the whole read closed"
killed  L1-X16 a duplicate provider row is accepted — killed by "L1-M03 a malformed, unknown-role or duplicate row fails the whole read closed"
killed  L1-X17 an empty provider name is accepted — killed by "L1-M03 a malformed, unknown-role or duplicate row fails the whole read closed"
killed  L1-X18 the RPC name drifts from the one membership read (R156) — killed by "L1-M01 the membership read is the named RPC over the user's own session, with no identity argument"
killed  L1-X20 production accepts an http origin — killed by "L1-C01 the origin is explicit: development defaults to port 3100, production needs its own https origin"
killed  L1-X21 an origin with a path is accepted — killed by "L1-C01 the origin is explicit: development defaults to port 3100, production needs its own https origin"
killed  L1-X19 a missing Supabase URL is not a misconfiguration — killed by "L1-C01 the origin is explicit: development defaults to port 3100, production needs its own https origin"
killed  L1-X22 a missing anon key is not a misconfiguration — killed by "L1-C01 the origin is explicit: development defaults to port 3100, production needs its own https origin"
killed  L1-X41 an unparsable origin throws out of the guard — killed by "L1-C01 the origin is explicit: development defaults to port 3100, production needs its own https origin"
killed  L1-X23 cookies are never secure — killed by "L1-C02 cookies are secure exactly when the origin is https"
killed  L1-X24 the session cookie is widened to a parent domain — killed by "L1-C03 the Lab session cookie is its own and host-only: never the App's name, never a domain"
killed  L1-X25 the workspace cookie is widened to a parent domain — killed by "L1-C03 the Lab session cookie is its own and host-only: never the App's name, never a domain"
killed  L1-X26 the Lab rides on the App's session cookie name — killed by "L1-C03 the Lab session cookie is its own and host-only: never the App's name, never a domain"
killed  L1-X27 the workspace cookie is readable by scripts — killed by "L1-C04 the workspace preference cookie is http-only and bounded"
killed  L1-X28 the workspace cookie never expires — killed by "L1-C04 the workspace preference cookie is http-only and bounded"
killed  L1-X29 Lab responses become cacheable — killed by "L1-C05 every Lab response is private and no-store, and does not advertise the framework"
killed  L1-X30 the framework header is advertised — killed by "L1-C05 every Lab response is private and no-store, and does not advertise the framework"
killed  L1-X31 a misconfigured Lab still builds a client — killed by "L1-R01 a misconfigured Lab is unavailable and builds no client"
killed  L1-X32 the session client drops the Lab cookie options — killed by "L1-R02 the session client is the Lab's: its cookie options, its env, and the request's cookie store"
killed  L1-X33 refreshed session cookies are dropped — killed by "L1-R02 the session client is the Lab's: its cookie options, its env, and the request's cookie store"
killed  L1-X34 a read-only cookie store throws out of setAll — killed by "L1-R02 the session client is the Lab's: its cookie options, its env, and the request's cookie store"
killed  L1-X35 the workspace preference is ignored — killed by "L1-R03 the user comes from the session and the workspace from the Lab's cookie, re-checked against memberships"
killed  L1-X36 the selection action skips the provider guard — killed by "L1-B01 every page, route, provider layout and server action calls the provider guard"
killed  L1-X37 the picker state renders the page — killed by "L1-B02 the provider layout renders its children only for a ready workspace"
killed  L1-X38 the provider layout is prerendered — killed by "L1-B02 the provider layout renders its children only for a ready workspace"
killed  L1-X39 the action stores the submitted value — killed by "L1-B03 the selection action stores the membership it validated, never the submitted value"
killed  L1-X42 a page under the picker state gets the first workspace (H2') — killed by "L1-G01 a page gets a workspace only when one is selected: the picker state is a 404, never the first workspace"
killed  L1-X43 the page guard renders without a workspace — killed by "L1-G01 a page gets a workspace only when one is selected: the picker state is a 404, never the first workspace"
killed  L1-X44 the action guard runs without a provider session — killed by "L1-G02 the selection action runs for any provider session and is a 404 for everyone else"
killed  L1-X45 the action guard admits any signed-in state — killed by "L1-G02 the selection action runs for any provider session and is a 404 for everyone else"
killed  L1-X46 the guard's client drops the Lab cookie options — killed by "L1-G03 the guard reads through the Lab's own session client and sends no identity"
killed  L1-X47 the guard's membership read sends an identity — killed by "L1-G03 the guard reads through the Lab's own session client and sends no identity"
killed  L1-X48 an unguarded arrow-const server action (H1) — killed by "L1-B01 every page, route, provider layout and server action calls the provider guard"
killed  L1-X49 an unguarded default-export server action — killed by "L1-B01 every page, route, provider layout and server action calls the provider guard"
killed  L1-X50 an unguarded inline server action in the provider layout — killed by "L1-B01 every page, route, provider layout and server action calls the provider guard"
killed  L1-X51 sign-in uses a client without the Lab cookie options — killed by "L1-S01 sign-in sets the Lab session through the Lab's own client and lands on the home page"
killed  L1-X52 a failed sign-in still lands home — killed by "L1-S02 a failed or impossible sign-in is a fixed notice: never the auth server's words, never a session"
killed  L1-X53 a sign-in without a password is sent anyway — killed by "L1-S02 a failed or impossible sign-in is a fixed notice: never the auth server's words, never a session"
killed  L1-X54 a misconfigured Lab reads as a wrong password — killed by "L1-S02 a failed or impossible sign-in is a fixed notice: never the auth server's words, never a session"
killed  L1-X55 sign-out keeps the workspace preference — killed by "L1-S03 sign-out ends the Lab session and forgets the workspace preference"
killed  L1-X56 sign-out never ends the session — killed by "L1-S03 sign-out ends the Lab session and forgets the workspace preference"
killed  L1-X57 an unguarded export beside the public sign-in actions — killed by "L1-B01 every page, route, provider layout and server action calls the provider guard"
killed  L1-X58 the callback follows the link's next parameter — killed by "L1-S04 the email-link callback verifies the code or token on the Lab client and only ever returns home"
killed  L1-X59 the callback redirects to the request's Host — killed by "L1-S04 the email-link callback verifies the code or token on the Lab client and only ever returns home"
killed  L1-X60 the callback verifies signup and recovery links — killed by "L1-S04 the email-link callback verifies the code or token on the Lab client and only ever returns home"
killed  L1-X61 the callback drops the session cookie — killed by "L1-S04 the email-link callback verifies the code or token on the Lab client and only ever returns home"
killed  L1-X62 the request client drops the Lab cookie options — killed by "L1-S04 the email-link callback verifies the code or token on the Lab client and only ever returns home"
killed  L1-X63 the proxy drops the refreshed cookie — killed by "L1-S05 the proxy refreshes the Lab session cookie on the response and never redirects"
killed  L1-X64 the proxy never refreshes the session — killed by "L1-S05 the proxy refreshes the Lab session cookie on the response and never redirects"
killed  L1-X65 the proxy redirects a signed-out request — killed by "L1-S05 the proxy refreshes the Lab session cookie on the response and never redirects"
killed  L1-X66 a signed-out visitor gets no sign-in form — killed by "L1-B05 a signed-out visitor gets the Lab sign-in form, and every signed-in state can sign out"
killed  L1-X67 a consumer-only user cannot sign out — killed by "L1-B05 a signed-out visitor gets the Lab sign-in form, and every signed-in state can sign out"
killed  L1-X68 the form shows the action's raw error — killed by "L1-B05 a signed-out visitor gets the Lab sign-in form, and every signed-in state can sign out"
killed  L1-X69 the sign-in notice repeats the auth server — killed by "L1-S02 a failed or impossible sign-in is a fixed notice: never the auth server's words, never a session"
killed  L1-X40 the Lab imports the App's code — killed by "L1-B04 the Lab never imports the App: shared code comes only from packages/shared"

33 cases, all named: true; 69 mutants, 69 killed, 0 not killed
killed  L4-X01 a viewer may manage dev deployments — killed by "L4-A02 a role without the capability is refused before the control service is asked"
killed  L4-X02 a developer may propose publication — killed by "L4-A02 a role without the capability is refused before the control service is asked"
killed  L4-X03 the row shows the wrong runtime identity — killed by "L4-V02 a row shows the pinned model, serving, runtime, schema and rate identities and where it is visible"
killed  L4-X04 an unpriced revision shows a rate card — killed by "L4-V02 a row shows the pinned model, serving, runtime, schema and rate identities and where it is visible"
killed  L4-X05 dev and prod are not told apart — killed by "L4-V02 a row shows the pinned model, serving, runtime, schema and rate identities and where it is visible"
killed  L4-X06 publish is offered before a passed smoke — killed by "L4-V03 actions follow the record and the role: smoke dev, publish only after a passed smoke, never a provider rollback"
killed  L4-X07 a rollback is offered to a provider — killed by "L4-V03 actions follow the record and the role: smoke dev, publish only after a passed smoke, never a provider rollback"
killed  L4-X08 a retired revision still offers actions — killed by "L4-V03 actions follow the record and the role: smoke dev, publish only after a passed smoke, never a provider rollback"
killed  L4-X09 a pending proposal does not block another — killed by "L4-V04 a pending proposal is shown as awaiting the operator and blocks a second one; a decided one does not"
killed  L4-X10 a decided proposal still reads as pending — killed by "L4-V04 a pending proposal is shown as awaiting the operator and blocks a second one; a decided one does not"
killed  L4-X11 a proposal is shown as already published — killed by "L4-V04 a pending proposal is shown as awaiting the operator and blocks a second one; a decided one does not"
killed  L4-X12 health rows pass through every field of the record — killed by "L4-V05 health rows carry the redacted aggregate only, whatever else a record carries"
killed  L4-X13 an idle window divides by zero — killed by "L4-V05 health rows carry the redacted aggregate only, whatever else a record carries"
killed  L4-X14 any ?refused= string is looked up — killed by "L4-V06 a refusal is fixed copy for a known reason and nothing for anything else in the URL"
killed  L4-X15 the preview stand-in runs in production — killed by "L4-V07 the control port fails closed: unavailable until the real adapter is wired, the preview never in production"
killed  L4-X16 the default port is the stand-in, not unavailable — killed by "L4-V07 the control port fails closed: unavailable until the real adapter is wired, the preview never in production"
killed  L4-X17 any preview flag value turns the stand-in on — killed by "L4-V07 the control port fails closed: unavailable until the real adapter is wired, the preview never in production"
killed  L4-X18 reads are not scoped to the provider — killed by "L4-J02 unauthorized variants: another provider, a viewer, a developer proposing, an unimported model or digest, publish before smoke, a provider rollback, a repeat"
killed  L4-X19 another provider's revision can be acted on — killed by "L4-J02 unauthorized variants: another provider, a viewer, a developer proposing, an unimported model or digest, publish before smoke, a provider rollback, a repeat"
killed  L4-X20 a foreign id is looked up before the role (the pre-L3 fake) — killed by "L4-J02 unauthorized variants: another provider, a viewer, a developer proposing, an unimported model or digest, publish before smoke, a provider rollback, a repeat"
killed  L4-X21 register without the capability — killed by "L4-J02 unauthorized variants: another provider, a viewer, a developer proposing, an unimported model or digest, publish before smoke, a provider rollback, a repeat"
killed  L4-X22 a digest outside the model's imported weights is registered — killed by "L4-J02 unauthorized variants: another provider, a viewer, a developer proposing, an unimported model or digest, publish before smoke, a provider rollback, a repeat"
killed  L4-X23 smoke runs on a prod revision — killed by "L4-J01 register → dev smoke → publish proposal → operator approval → App discovery → operator rollback"
killed  L4-X24 publish is proposed before a passed smoke — killed by "L4-J02 unauthorized variants: another provider, a viewer, a developer proposing, an unimported model or digest, publish before smoke, a provider rollback, a repeat"
killed  L4-X25 a repeated proposal opens a second one — killed by "L4-J02 unauthorized variants: another provider, a viewer, a developer proposing, an unimported model or digest, publish before smoke, a provider rollback, a repeat"
killed  L4-X26 a provider rollback proposal is accepted — killed by "L4-J01 register → dev smoke → publish proposal → operator approval → App discovery → operator rollback"
killed  L4-X27 publishing leaves the old revision public — killed by "L4-J01 register → dev smoke → publish proposal → operator approval → App discovery → operator rollback"
killed  L4-X28 the operator's rollback does not restore the previous revision — killed by "L4-J01 register → dev smoke → publish proposal → operator approval → App discovery → operator rollback"
killed  L4-X29 a rejected proposal publishes — killed by "L4-J02 unauthorized variants: another provider, a viewer, a developer proposing, an unimported model or digest, publish before smoke, a provider rollback, a repeat"
killed  L4-X30 App discovery lists every prod revision — killed by "L4-J01 register → dev smoke → publish proposal → operator approval → App discovery → operator rollback"
killed  L4-X31 a published revision carries no rate card — killed by "L4-J01 register → dev smoke → publish proposal → operator approval → App discovery → operator rollback"
killed  L4-X32 register acts as the form's provider — killed by "L4-A01 register runs as the session's provider and role, whatever the form claims"
killed  L4-X33 the actor's role is not the session's — killed by "L4-A01 register runs as the session's provider and role, whatever the form claims"
killed  L4-X34 the capability check is skipped — killed by "L4-A02 a role without the capability is refused before the control service is asked"
killed  L4-X35 malformed input reaches the control service — killed by "L4-A03 malformed input is refused as invalid and never reaches the control service"
killed  L4-X36 any artifact reference passes the shape check — killed by "L4-A03 malformed input is refused as invalid and never reaches the control service"
killed  L4-X37 any model name passes the shape check — killed by "L4-A03 malformed input is refused as invalid and never reaches the control service"
killed  L4-X38 an unknown proposal kind is accepted — killed by "L4-A03 malformed input is refused as invalid and never reaches the control service"
killed  L4-X39 a refusal is dropped on the way back — killed by "L4-A02 a role without the capability is refused before the control service is asked"
killed  L4-X40 a success is flagged by the action, not the records — killed by "L4-A01 register runs as the session's provider and role, whatever the form claims"
killed  L4-X41 proposing needs only the dev capability — killed by "L4-A02 a role without the capability is refused before the control service is asked"
killed  L4-X42 an action runs without a provider workspace — killed by "L4-A05 a consumer-only user gets a 404 from every action and the control service is never asked"
killed  L4-X43 a page reads records as a fixed provider — killed by "L4-P01 each page reads the control records as the session's workspace and shows ?refused= only as fixed copy"
killed  L4-X44 a page shows ?refused= raw — killed by "L4-P01 each page reads the control records as the session's workspace and shows ?refused= only as fixed copy"
killed  L4-X45 a page claims success on its own — killed by "L4-P01 each page reads the control records as the session's workspace and shows ?refused= only as fixed copy"
killed  L4-X46 the nav loses the deployments page — killed by "L4-P02 the provider layout links the L4 pages and labels the preview stand-in only when it is on"
killed  L4-X47 the preview label shows when the stand-in is off — killed by "L4-P02 the provider layout links the L4 pages and labels the preview stand-in only when it is on"
killed  L4-X48 the session token is not forwarded — killed by "L4-H01 every call is the session's token and the actor's provider on its route; records come back in the port's keys, values untouched"
killed  L4-X49 the actor's provider is not sent — killed by "L4-H01 every call is the session's token and the actor's provider on its route; records come back in the port's keys, values untouched"
killed  L4-X50 a signed-out call is still sent — killed by "L4-H04 without a session token, or when reading it fails, nothing is sent and every call is unavailable"
killed  L4-X51 an unreadable session throws instead of failing closed — killed by "L4-H04 without a session token, or when reading it fails, nothing is sent and every call is unavailable"
killed  L4-X52 a 401 is not denied — killed by "L4-H02 the route's refusals are the port's reasons; anything else, or no answer, is unavailable"
killed  L4-X53 a 403 reads as not_found — killed by "L4-H02 the route's refusals are the port's reasons; anything else, or no answer, is unavailable"
killed  L4-X54 409 and 422 are swapped — killed by "L4-H02 the route's refusals are the port's reasons; anything else, or no answer, is unavailable"
killed  L4-X55 an unknown status is a conflict, not unavailable — killed by "L4-H02 the route's refusals are the port's reasons; anything else, or no answer, is unavailable"
killed  L4-X56 a transport failure throws — killed by "L4-H02 the route's refusals are the port's reasons; anything else, or no answer, is unavailable"
killed  L4-X57 records are not checked — killed by "L4-H03 one unreadable model, deployment, proposal or aggregate fails the whole answer closed"
killed  L4-X58 any environment is read — killed by "L4-H03 one unreadable model, deployment, proposal or aggregate fails the whole answer closed"
killed  L4-X59 any visibility is read — killed by "L4-H03 one unreadable model, deployment, proposal or aggregate fails the whole answer closed"
killed  L4-X60 any deployment state is read — killed by "L4-H03 one unreadable model, deployment, proposal or aggregate fails the whole answer closed"
killed  L4-X61 any smoke value is read — killed by "L4-H03 one unreadable model, deployment, proposal or aggregate fails the whole answer closed"
killed  L4-X62 a missing rate card field is read — killed by "L4-H03 one unreadable model, deployment, proposal or aggregate fails the whole answer closed"
killed  L4-X63 a model without its digest is read — killed by "L4-H03 one unreadable model, deployment, proposal or aggregate fails the whole answer closed"
killed  L4-X64 any proposal state is read — killed by "L4-H03 one unreadable model, deployment, proposal or aggregate fails the whole answer closed"
killed  L4-X65 any proposal kind is read — killed by "L4-H03 one unreadable model, deployment, proposal or aggregate fails the whole answer closed"
killed  L4-X66 a proposal without its decision field is read — killed by "L4-H03 one unreadable model, deployment, proposal or aggregate fails the whole answer closed"
killed  L4-X67 aggregate counts are not checked — killed by "L4-H03 one unreadable model, deployment, proposal or aggregate fails the whole answer closed"
killed  L4-X68 records keep the route's snake_case — killed by "L4-H01 every call is the session's token and the actor's provider on its route; records come back in the port's keys, values untouched"
killed  L4-X69 a read is not unwrapped from {data} — killed by "L4-H01 every call is the session's token and the actor's provider on its route; records come back in the port's keys, values untouched"
killed  L4-X70 the registration body is sent in camelCase — killed by "L4-H01 every call is the session's token and the actor's provider on its route; records come back in the port's keys, values untouched"
killed  L4-X71 the proposal body names the revision in camelCase — killed by "L4-H01 every call is the session's token and the actor's provider on its route; records come back in the port's keys, values untouched"
killed  L4-X72 a revision id reaches the path unencoded — killed by "L4-H01 every call is the session's token and the actor's provider on its route; records come back in the port's keys, values untouched"
killed  L4-X73 every call claims a JSON body — killed by "L4-H01 every call is the session's token and the actor's provider on its route; records come back in the port's keys, values untouched"
killed  L4-X74 smoke is a read — killed by "L4-H01 every call is the session's token and the actor's provider on its route; records come back in the port's keys, values untouched"
killed  L4-X75 a trailing slash on the base URL doubles — killed by "L4-H01 every call is the session's token and the actor's provider on its route; records come back in the port's keys, values untouched"
killed  L4-X76 the adapter runs without LAB_CONTROL_URL — killed by "L4-H05 controlPort() is the HTTP adapter only with LAB_CONTROL_URL and a Lab config, carrying the session's own token"
killed  L4-X77 the adapter carries a fixed credential, not the session's — killed by "L4-H05 controlPort() is the HTTP adapter only with LAB_CONTROL_URL and a Lab config, carrying the session's own token"
killed  L4-X78 controlPort() never uses the adapter — killed by "L4-H05 controlPort() is the HTTP adapter only with LAB_CONTROL_URL and a Lab config, carrying the session's own token"
killed  L4-X79 a repeated proposal is a conflict (the pre-R214 fake) — killed by "L4-J02 unauthorized variants: another provider, a viewer, a developer proposing, an unimported model or digest, publish before smoke, a provider rollback, a repeat"
killed  L4-X80 a provider rollback is refused as a conflict, not invalid — killed by "L4-J01 register → dev smoke → publish proposal → operator approval → App discovery → operator rollback"
killed  L4-X81 any name registers the workspace's model — killed by "L4-J02 unauthorized variants: another provider, a viewer, a developer proposing, an unimported model or digest, publish before smoke, a provider rollback, a repeat"
killed  L4-X82 another provider's imported model is registered — killed by "L4-J02 unauthorized variants: another provider, a viewer, a developer proposing, an unimported model or digest, publish before smoke, a provider rollback, a repeat"
killed  L4-X83 a registration is its own model, not the imported one — killed by "L4-J01 register → dev smoke → publish proposal → operator approval → App discovery → operator rollback"
killed  L4-X85 a developer may propose to the fake — killed by "L4-J02 unauthorized variants: another provider, a viewer, a developer proposing, an unimported model or digest, publish before smoke, a provider rollback, a repeat"
killed  L4-X84 the operator's rollback leaves the rolled-back revision public — killed by "L4-J01 register → dev smoke → publish proposal → operator approval → App discovery → operator rollback"

21 cases, all named: true; 85 mutants, 85 killed, 0 not killed
cd apps/lab && node tests/c/review/run-mutants.mjs
killed  C3F-LX01 the door name drifts — killed by "C3F-L01 the review reads through the one named door with the selected workspace and the request, no identity"
killed  C3F-LX02 the review names another workspace than the selected one — killed by "C3F-L01 the review reads through the one named door with the selected workspace and the request, no identity"
killed  C3F-LX03 the review sends an identity — killed by "C3F-L01 the review reads through the one named door with the selected workspace and the request, no identity"
killed  C3F-LX04 a malformed request id reaches the database — killed by "C3F-L02 a malformed request id is not_found without asking the database"
killed  C3F-LX05 a request id with trailing text passes — killed by "C3F-L02 a malformed request id is not_found without asking the database"
killed  C3F-LX06 not_found reads as unavailable — killed by "C3F-L03 the door's refusals keep their meaning; anything unexpected is unavailable, never an empty review"
killed  C3F-LX07 a denied role reads as unavailable — killed by "C3F-L03 the door's refusals keep their meaning; anything unexpected is unavailable, never an empty review"
killed  C3F-LX08 a role refusal reads as unavailable — killed by "C3F-L03 the door's refusals keep their meaning; anything unexpected is unavailable, never an empty review"
killed  C3F-LX09 an unexpected refusal reads as forbidden — killed by "C3F-L03 the door's refusals keep their meaning; anything unexpected is unavailable, never an empty review"
killed  C3F-LX10 a lost answer reads as an empty review — killed by "C3F-L03 the door's refusals keep their meaning; anything unexpected is unavailable, never an empty review"
killed  C3F-LX11 a non-list answer passes as a list with no rows — killed by "C3F-L04 a row that is not a shared customer signal fails the whole review closed"
killed  C3F-LX12 an extra column (an identity) is accepted — killed by "C3F-L04 a row that is not a shared customer signal fails the whole review closed"
killed  C3F-LX13 a missing column is accepted — killed by "C3F-L04 a row that is not a shared customer signal fails the whole review closed"
killed  C3F-LX14 a row without an id is accepted — killed by "C3F-L04 a row that is not a shared customer signal fails the whole review closed"
killed  C3F-LX15 another request's row is accepted — killed by "C3F-L04 a row that is not a shared customer signal fails the whole review closed"
killed  C3F-LX16 a calibration label is reviewed — killed by "C3F-L04 a row that is not a shared customer signal fails the whole review closed"
killed  C3F-LX17 an operator-authored row is reviewed — killed by "C3F-L04 a row that is not a shared customer signal fails the whole review closed"
killed  C3F-LX18 a judge's signal is refused — killed by "C3F-L04 a row that is not a shared customer signal fails the whole review closed"
killed  C3F-LX19 an unknown channel is reviewed — killed by "C3F-L04 a row that is not a shared customer signal fails the whole review closed"
killed  C3F-LX20 the review action skips the provider guard — killed by "L1-B01 every page, route, provider layout and server action calls the provider guard"

4 cases, all named: true; 20 mutants, 20 killed, 0 not killed
cd apps/lab && node tests/v/detail/run-mutants.mjs && node tests/v/judge/run-mutants.mjs && node tests/v/list/run-mutants.mjs
killed  V2-X01 a metadata-only row shows the organization and size — killed by "V2-D01 metadata rows are named fields only; without a grant no organization, size or content is shown"
killed  V2-X02 the duration is not completed minus started — killed by "V2-D01 metadata rows are named fields only; without a grant no organization, size or content is shown"
killed  V2-X03 an unpriced request shows a rate card — killed by "V2-D01 metadata rows are named fields only; without a grant no organization, size or content is shown"
killed  V2-X04 an open request reads as completed — killed by "V2-D01 metadata rows are named fields only; without a grant no organization, size or content is shown"
killed  V2-X05 a lost capture hides its reason — killed by "V2-D01 metadata rows are named fields only; without a grant no organization, size or content is shown"
killed  V2-X06 a metadata-mode capture is offered as content — killed by "V2-D02 content states are honest: not captured, lost, metadata only, expired or tombstoned, else offered"
killed  V2-X07 a lost capture is offered as content — killed by "V2-D02 content states are honest: not captured, lost, metadata only, expired or tombstoned, else offered"
killed  V2-X08 no grant reads as expired content — killed by "V2-D02 content states are honest: not captured, lost, metadata only, expired or tombstoned, else offered"
killed  V2-X09 tombstoned or expired content is offered — killed by "V2-D02 content states are honest: not captured, lost, metadata only, expired or tombstoned, else offered"
killed  V2-X10 content is read without being asked for — killed by "V2-D03 content is read only on demand, through C2, as the session's provider with the row's grant"
killed  V2-X11 available content is never offered — killed by "V2-D03 content is read only on demand, through C2, as the session's provider with the row's grant"
killed  V2-X12 content is read without the row's grant — killed by "V2-D03 content is read only on demand, through C2, as the session's provider with the row's grant"
killed  V2-X13 a truncated capture is not flagged — killed by "V2-D03 content is read only on demand, through C2, as the session's provider with the row's grant"
killed  V2-X14 the records' state does not gate the read — killed by "V2-D03 content is read only on demand, through C2, as the session's provider with the row's grant"
killed  V2-X15 an expired ref reads as revoked — killed by "V2-D04 a refused ref is revoked, expired or unavailable, never text"
killed  V2-X16 an unavailable read reads as revoked — killed by "V2-D04 a refused ref is revoked, expired or unavailable, never text"
killed  V2-X17 a refusal carries text — killed by "V2-D03 content is read only on demand, through C2, as the session's provider with the row's grant"
killed  V2-X18 feedback loses its author role — killed by "V2-D05 feedback is labelled with its stored provenance and is never presented as a calibration label"
killed  V2-X19 a thumbs down reads as up — killed by "V2-D05 feedback is labelled with its stored provenance and is never presented as a calibration label"
killed  V2-X20 a rating loses its value — killed by "V2-D05 feedback is labelled with its stored provenance and is never presented as a calibration label"
killed  V2-X21 customer feedback is offered as calibration — killed by "V2-D05 feedback is labelled with its stored provenance and is never presented as a calibration label"
killed  V2-X22 a review refusal reads as no feedback — killed by "V2-D05 feedback is labelled with its stored provenance and is never presented as a calibration label"
killed  V2-X23 an empty review is blank — killed by "V2-D05 feedback is labelled with its stored provenance and is never presented as a calibration label"
killed  V2-X24 the feedback comment is dropped — killed by "V2-D05 feedback is labelled with its stored provenance and is never presented as a calibration label"
killed  V2-X25 a missing request says it is another provider's — killed by "V2-D06 a missing request reads the same whether it is another provider's or not projected yet"
killed  V2-X26 a preview flag turns a stand-in on — killed by "V2-D07 the trace ports fail closed: unavailable until the real adapters are wired, whatever the environment says"
killed  V2-X27 the content read returns other text — killed by "V2-J01 the provider's developer reads its own request and opens its content on demand"
killed  V2-X28 the trace read is not scoped to the provider — killed by "V2-J02 another provider, a viewer and a malformed id learn nothing; a missing request is the not-projected copy"
killed  V2-X29 a viewer reads individual requests — killed by "V2-J02 another provider, a viewer and a malformed id learn nothing; a missing request is the not-projected copy"
killed  V2-X30 a viewer reads content — killed by "V2-J02 another provider, a viewer and a malformed id learn nothing; a missing request is the not-projected copy"
killed  V2-X31 a forged grant ref reads content — killed by "V2-J03 without a current grant, after revocation, with a forged grant or past T3 retention, no content is read"
killed  V2-X32 a revoked grant still reads content — killed by "V2-J03 without a current grant, after revocation, with a forged grant or past T3 retention, no content is read"
killed  V2-X33 an expired ref still reads content — killed by "V2-J03 without a current grant, after revocation, with a forged grant or past T3 retention, no content is read"
killed  V2-X34 content past T3 retention is read — killed by "V2-J03 without a current grant, after revocation, with a forged grant or past T3 retention, no content is read"
killed  V2-X35 the page reads as a provider from the URL — killed by "V2-P01 the page reads as the session's workspace, and feedback shows whatever the trace read says"
killed  V2-X36 feedback waits on the projection — killed by "V2-P01 the page reads as the session's workspace, and feedback shows whatever the trace read says"
killed  V2-X37 a trace refusal is shown raw — killed by "V2-P01 the page reads as the session's workspace, and feedback shows whatever the trace read says"
killed  V2-X38 any ?content= value reads content — killed by "V2-P02 content is asked for by a link, read only for ?content=1 and rendered as text in a wrapping block"
killed  V2-X39 content is rendered as HTML — killed by "V2-P02 content is asked for by a link, read only for ?content=1 and rendered as text in a wrapping block"
killed  V2-X40 the content control is a scripted button — killed by "V2-P02 content is asked for by a link, read only for ?content=1 and rendered as text in a wrapping block"
killed  V2-X41 long content does not wrap on a phone — killed by "V2-P02 content is asked for by a link, read only for ?content=1 and rendered as text in a wrapping block"
killed  V2-X42 a feedback row drops its provenance — killed by "V2-P03 each feedback row shows its provenance (who) beside what and when"

13 cases, all named: true; 42 mutants, 42 killed, 0 not killed
killed  V3-X01 a dry run shows scores — killed by "V3-J01 a dry run is labelled an estimate: no scores, no verdict, nothing reserved"
killed  V3-X02 a dry run is labelled as a live result — killed by "V3-J01 a dry run is labelled an estimate: no scores, no verdict, nothing reserved"
killed  V3-X03 a dry run has no dry-run verdict — killed by "V3-J01 a dry run is labelled an estimate: no scores, no verdict, nothing reserved"
killed  V3-X04 a dry run claims a reservation — killed by "V3-J01 a dry run is labelled an estimate: no scores, no verdict, nothing reserved"
killed  V3-X05 a score loses its maximum — killed by "V3-J02 a collected live run shows each score out of its maximum with the judge model and rubric"
killed  V3-X06 the label loses the rubric version — killed by "V3-J02 a collected live run shows each score out of its maximum with the judge model and rubric"
killed  V3-X07 a failed run reads as pass — killed by "V3-J02 a collected live run shows each score out of its maximum with the judge model and rubric"
killed  V3-X08 no overall verdict reads as fail — killed by "V3-J02 a collected live run shows each score out of its maximum with the judge model and rubric"
killed  V3-X09 a missing score renders as a number — killed by "V3-J02 a collected live run shows each score out of its maximum with the judge model and rubric"
killed  V3-X10 the charge shown is the hold, not the actual — killed by "V3-J02 a collected live run shows each score out of its maximum with the judge model and rubric"
killed  V3-X11 a media criterion is scored from text — killed by "V3-J03 without media, media criteria read not scored and the verdict is never a pass"
killed  V3-X12 a no-media run can pass — killed by "V3-J03 without media, media criteria read not scored and the verdict is never a pass"
killed  V3-X13 a text-only rubric cannot pass without media — killed by "V3-J03 without media, media criteria read not scored and the verdict is never a pass"
killed  V3-X14 an ambiguous submit hides its held budget — killed by "V3-J04 in-flight and ambiguous runs show the held USD budget and no scores; nothing is ever CREDIT"
killed  V3-X15 an uncollected run shows scores — killed by "V3-J04 in-flight and ambiguous runs show the held USD budget and no scores; nothing is ever CREDIT"
killed  V3-X16 a released run reads as held — killed by "V3-J04 in-flight and ambiguous runs show the held USD budget and no scores; nothing is ever CREDIT"
killed  V3-X17 an in-flight run hides its hold — killed by "V3-J04 in-flight and ambiguous runs show the held USD budget and no scores; nothing is ever CREDIT"
killed  V3-X18 a USD estimate is labelled CREDIT — killed by "V3-J01 a dry run is labelled an estimate: no scores, no verdict, nothing reserved"
killed  V3-X19 calibrated with too few operator labels — killed by "V3-J05 calibration is claimed only with the statistics and enough operator labels behind it"
killed  V3-X20 calibrated without an agreement statistic — killed by "V3-J05 calibration is claimed only with the statistics and enough operator labels behind it"
killed  V3-X21 any state with statistics reads as calibrated — killed by "V3-J05 calibration is claimed only with the statistics and enough operator labels behind it"
killed  V3-X22 no labels reads as a count, not uncalibrated — killed by "V3-J05 calibration is claimed only with the statistics and enough operator labels behind it"
killed  V3-X23 a row claims calibration on its own — killed by "V3-J05 calibration is claimed only with the statistics and enough operator labels behind it"
killed  V3-X24 agreement is not shown as a percentage — killed by "V3-J05 calibration is claimed only with the statistics and enough operator labels behind it"
killed  V3-X25 another provider's runs are returned — killed by "V3-J06 the judge read is the provider's own, developer+, and the wired adapter fails closed without lab_judge_runs"
killed  V3-X26 another request's runs are returned — killed by "V3-J06 the judge read is the provider's own, developer+, and the wired adapter fails closed without lab_judge_runs"
killed  V3-X27 a viewer reads judge results — killed by "V3-J06 the judge read is the provider's own, developer+, and the wired adapter fails closed without lab_judge_runs"
killed  V3-X28 the default judge port answers — killed by "V3-J06 the judge read is the provider's own, developer+, and the wired adapter fails closed without lab_judge_runs"
killed  V3-X29 the panel offers a paid run — killed by "V3-P01 the judge panel is read only, shows refusals as fixed copy and links judge consent to Settings"
killed  V3-X30 a refusal is shown raw — killed by "V3-P01 the judge panel is read only, shows refusals as fixed copy and links judge consent to Settings"
killed  V3-X31 consent is not linked to Settings — killed by "V3-P01 the judge panel is read only, shows refusals as fixed copy and links judge consent to Settings"
killed  V3-X32 the panel hides dry runs — killed by "V3-P01 the judge panel is read only, shows refusals as fixed copy and links judge consent to Settings"
killed  V3-X35 the panel prints Calibrated. for every run — killed by "V3-P01 the judge panel is read only, shows refusals as fixed copy and links judge consent to Settings"
killed  V3-X36 the panel prints pass for every run — killed by "V3-P01 the judge panel is read only, shows refusals as fixed copy and links judge consent to Settings"
killed  V3-X33 judge runs show beside a missing request — killed by "V3-P02 the page reads judge runs as the session's actor and shows them only beside a visible request"
killed  V3-X34 judge runs are read as a provider from the URL — killed by "V3-P02 the page reads judge runs as the session's actor and shows them only beside a visible request"

8 cases, all named: true; 36 mutants, 36 killed, 0 not killed
killed  V1M-X01 a 401 is not denied — killed by "V1M-A02 refusals map to denied, not_found or unavailable, and no token sends nothing"
killed  V1M-X02 a 403 reads as not found — killed by "V1M-A02 refusals map to denied, not_found or unavailable, and no token sends nothing"
killed  V1M-X03 a 404 reads as denied — killed by "V1M-A02 refusals map to denied, not_found or unavailable, and no token sends nothing"
killed  V1M-X04 any other status reads as not found — killed by "V1M-A02 refusals map to denied, not_found or unavailable, and no token sends nothing"
killed  V1M-X05 a tokenless read is still sent — killed by "V1M-A02 refusals map to denied, not_found or unavailable, and no token sends nothing"
killed  V1M-X06 a failed token read throws — killed by "V1M-A02 refusals map to denied, not_found or unavailable, and no token sends nothing"
killed  V1M-X07 an unreachable service reads as an empty page — killed by "V1M-A02 refusals map to denied, not_found or unavailable, and no token sends nothing"
killed  V1M-X08 an unreadable body throws — killed by "V1M-A04 an answer that is not the route's shape is unavailable, never a partial record"
killed  V1M-X09 a read may be cached — killed by "V1M-A01 reads as the session's workspace with the user's own token: the list and one request"
killed  V1M-X10 the token is not a bearer credential — killed by "V1M-A01 reads as the session's workspace with the user's own token: the list and one request"
killed  V1M-X11 the list does not name the session's workspace — killed by "V1M-A01 reads as the session's workspace with the user's own token: the list and one request"
killed  V1M-X12 the detail does not name the session's workspace — killed by "V1M-A01 reads as the session's workspace with the user's own token: the list and one request"
killed  V1M-X13 the list asks for the route's maximum — killed by "V1M-A01 reads as the session's workspace with the user's own token: the list and one request"
killed  V1M-X14 the cursor is dropped — killed by "V1M-A01 reads as the session's workspace with the user's own token: the list and one request"
killed  V1M-X15 the request id is not encoded into the path — killed by "V1M-A01 reads as the session's workspace with the user's own token: the list and one request"
killed  V1M-X16 the page size is not the route's default — killed by "V1M-A01 reads as the session's workspace with the user's own token: the list and one request"
killed  V1M-X17 a trailing slash doubles into the path — killed by "V1M-A01 reads as the session's workspace with the user's own token: the list and one request"
killed  V1M-X18 a metadata row keeps unnamed fields — killed by "V1M-A03 only the route's named fields are kept: a metadata row never carries an organization, key, size or content"
killed  V1M-X19 a granted row keeps unnamed fields — killed by "V1M-A03 only the route's named fields are kept: a metadata row never carries an organization, key, size or content"
killed  V1M-X20 field types are not checked — killed by "V1M-A04 an answer that is not the route's shape is unavailable, never a partial record"
killed  V1M-X21 null passes for a required string — killed by "V1M-A04 an answer that is not the route's shape is unavailable, never a partial record"
killed  V1M-X22 an unknown access level reads as content — killed by "V1M-A04 an answer that is not the route's shape is unavailable, never a partial record"
killed  V1M-X23 a granted detail need not name its grant — killed by "V1M-A04 an answer that is not the route's shape is unavailable, never a partial record"
killed  V1M-X24 a granted list row without its grant is refused — killed by "V1M-A04 an answer that is not the route's shape is unavailable, never a partial record"
killed  V1M-X25 a non-object body is read — killed by "V1M-A04 an answer that is not the route's shape is unavailable, never a partial record"
killed  V1M-X26 a non-list data is read — killed by "V1M-A04 an answer that is not the route's shape is unavailable, never a partial record"
killed  V1M-X27 a malformed next cursor is accepted — killed by "V1M-A04 an answer that is not the route's shape is unavailable, never a partial record"
killed  V1M-X28 a malformed row is dropped silently — killed by "V1M-A04 an answer that is not the route's shape is unavailable, never a partial record"
killed  V1M-X29 an unconfigured service answers empty — killed by "V1M-A02 refusals map to denied, not_found or unavailable, and no token sends nothing"
killed  V1M-X30 an unset base URL still reads — killed by "V1M-W02 unset LAB_TRACES_API_URL or Supabase config is off: every read unavailable, nothing sent"
killed  V1M-X31 a session without a token still sends — killed by "V1M-W01 the detail page's trace port is the Lab adapter, reading with the session's access token"
killed  V1M-X32 the Lab session cookie is not the one read — killed by "V1M-W01 the detail page's trace port is the Lab adapter, reading with the session's access token"
killed  V1M-X33 the request's cookies are not read — killed by "V1M-W01 the detail page's trace port is the Lab adapter, reading with the session's access token"
killed  V1M-X34 the detail page is not wired to the adapter — killed by "V1M-W01 the detail page's trace port is the Lab adapter, reading with the session's access token"
killed  V1M-X35 the cursor is reported as ignored — killed by "V1M-Q01 the route's cursor passes through exactly; every other name is ignored and reported, sorted"
killed  V1M-X36 ignored names are unsorted — killed by "V1M-Q01 the route's cursor passes through exactly; every other name is ignored and reported, sorted"
killed  V1M-X37 a repeated cursor is not named as such — killed by "V1M-Q02 a repeated, oversized or non-base64url cursor is refused with its reason, never sent"
killed  V1M-X38 an empty cursor is refused — killed by "V1M-Q01 the route's cursor passes through exactly; every other name is ignored and reported, sorted"
killed  V1M-X39 an oversized cursor is sent — killed by "V1M-Q02 a repeated, oversized or non-base64url cursor is refused with its reason, never sent"
killed  V1M-X40 the size bound is off by one — killed by "V1M-Q02 a repeated, oversized or non-base64url cursor is refused with its reason, never sent"
killed  V1M-X41 the App's wider cursor charset — killed by "V1M-Q02 a repeated, oversized or non-base64url cursor is refused with its reason, never sent"
killed  V1M-X42 any cursor text is sent — killed by "V1M-Q02 a repeated, oversized or non-base64url cursor is refused with its reason, never sent"
killed  V1M-X43 a cursor is written into the link raw — killed by "V1M-Q03 page links are /requests plus the cursor, and the first page carries none"
killed  V1M-X44 the first page carries an empty cursor — killed by "V1M-Q03 page links are /requests plus the cursor, and the first page carries none"
killed  V1M-X45 the row link is not encoded — killed by "V1M-L01 each row links to its request page and shows named metadata only: no organization, size or content"
killed  V1M-X46 the duration is not completed minus started — killed by "V1M-L01 each row links to its request page and shows named metadata only: no organization, size or content"
killed  V1M-X47 an open request reads as finished — killed by "V1M-L01 each row links to its request page and shows named metadata only: no organization, size or content"
killed  V1M-X48 the model shows without its revision — killed by "V1M-L01 each row links to its request page and shows named metadata only: no organization, size or content"
killed  V1M-X49 a lost capture hides its reason — killed by "V1M-L02 content reads honestly: shared, metadata only, not captured, lost with its reason, expired"
killed  V1M-X50 an unknown loss reason is invented — killed by "V1M-L02 content reads honestly: shared, metadata only, not captured, lost with its reason, expired"
killed  V1M-X51 a known loss reason is not explained — killed by "V1M-L02 content reads honestly: shared, metadata only, not captured, lost with its reason, expired"
killed  V1M-X52 shared content is not labelled as shared — killed by "V1M-L02 content reads honestly: shared, metadata only, not captured, lost with its reason, expired"
killed  V1M-X53 expired content reads as metadata only — killed by "V1M-L02 content reads honestly: shared, metadata only, not captured, lost with its reason, expired"
killed  V1M-X54 an uncaptured request reads as lost — killed by "V1M-L02 content reads honestly: shared, metadata only, not captured, lost with its reason, expired"
killed  V1M-X55 an empty first page with more to come reads as no traffic — killed by "V1M-L03 an empty workspace says capture-off requests leave no record; an empty page with more to come says so"
killed  V1M-X56 an empty last page mid-walk reads as no traffic — killed by "V1M-L03 an empty workspace says capture-off requests leave no record; an empty page with more to come says so"
killed  V1M-X57 the empty copy does not explain capture off — killed by "V1M-L03 an empty workspace says capture-off requests leave no record; an empty page with more to come says so"
killed  V1M-X58 an empty page mid-walk says nothing — killed by "V1M-L03 an empty workspace says capture-off requests leave no record; an empty page with more to come says so"
killed  V1M-X59 the next page is dropped — killed by "V1M-L03 an empty workspace says capture-off requests leave no record; an empty page with more to come says so"
killed  V1M-X60 the first page offers a way back to itself — killed by "V1M-L04 the next link is the server's cursor, and the way back to the first page shows only on a later page"
killed  V1M-X61 a lost workspace reads as a request not found — killed by "V1M-L05 a refusal is fixed copy: a viewer's role, a lost workspace, an unreachable service; never rows"
killed  V1M-X62 a refusal mid-walk has no way back — killed by "V1M-L05 a refusal is fixed copy: a viewer's role, a lost workspace, an unreachable service; never rows"
killed  V1M-X63 the provider comes from the URL — killed by "V1M-P01 the list reads as the session's workspace through the Lab trace service"
killed  V1M-X64 the page ignores the cursor — killed by "V1M-P01 the list reads as the session's workspace through the Lab trace service"
killed  V1M-X65 refused parameters are silent — killed by "V1M-P01 the list reads as the session's workspace through the Lab trace service"
killed  V1M-X66 a row is not a link to its request — killed by "V1M-P02 rows are native links to the request page; states and refusals are text; no App kit, no scripts on rows"
killed  V1M-X67 a row hides its content state — killed by "V1M-P02 rows are native links to the request page; states and refusals are text; no App kit, no scripts on rows"
killed  V1M-X68 there is no next page link — killed by "V1M-P02 rows are native links to the request page; states and refusals are text; no App kit, no scripts on rows"
killed  V1M-X69 a refusal is not announced — killed by "V1M-P02 rows are native links to the request page; states and refusals are text; no App kit, no scripts on rows"
killed  V1M-X70 the list does not wrap on a phone — killed by "V1M-P02 rows are native links to the request page; states and refusals are text; no App kit, no scripts on rows"
killed  V1M-X71 the error boundary offers no way out — killed by "V1M-P02 rows are native links to the request page; states and refusals are text; no App kit, no scripts on rows"

16 cases, all named: true; 71 mutants, 71 killed, 0 not killed
cd apps/lab && node tests/c/judge/run-mutants.mjs
killed  C3L-X01 configure takes the provider from the form — killed by "C3L-A01 the provider comes from the guarded workspace, never from the form"
killed  C3L-X02 the run request takes the provider from the form — killed by "C3L-A01 the provider comes from the guarded workspace, never from the form"
killed  C3L-X03 the budget takes the provider from the form — killed by "C3L-A01 the provider comes from the guarded workspace, never from the form"
killed  C3L-X04 the calibration page takes the provider from the form — killed by "C3L-A01 the provider comes from the guarded workspace, never from the form"
killed  C3L-X05 a malformed grantor id is sent — killed by "C3L-A02 malformed org, model or run ids are refused before any call"
killed  C3L-X06 a malformed model id is sent — killed by "C3L-A02 malformed org, model or run ids are refused before any call"
killed  C3L-X07 ids match case-insensitively — killed by "C3L-A02 malformed org, model or run ids are refused before any call"
killed  C3L-X08 any judge model name is sent — killed by "C3L-A02 malformed org, model or run ids are refused before any call"
killed  C3L-X09 the sample size is unbounded — killed by "C3L-A02 malformed org, model or run ids are refused before any call"
killed  C3L-X10 zero counts as a count — killed by "C3L-A02 malformed org, model or run ids are refused before any call"
killed  C3L-X11 a count may be any number syntax — killed by "C3L-A02 malformed org, model or run ids are refused before any call"
killed  C3L-X12 a malformed run id is sent — killed by "C3L-A02 malformed org, model or run ids are refused before any call"
killed  C3L-X13 a malformed config id is sent — killed by "C3L-A02 malformed org, model or run ids are refused before any call"
killed  C3L-X14 a refusal reads as unavailable — killed by "C3L-A03 a well-formed foreign org or model is the server's refusal: denied, nothing else"
killed  C3L-X15 any error reads as a refusal — killed by "C3L-A05 a failed or thrown call is unavailable, never denied and never data"
killed  C3L-X16 a thrown call reads as a refusal — killed by "C3L-A05 a failed or thrown call is unavailable, never denied and never data"
killed  C3L-X17 an RPC error is data — killed by "C3L-A03 a well-formed foreign org or model is the server's refusal: denied, nothing else"
killed  C3L-X18 a viewer configures the judge — killed by "C3L-A06 a viewer has no judge action; only an administrator sets a budget"
killed  C3L-X19 a viewer requests a run — killed by "C3L-A06 a viewer has no judge action; only an administrator sets a budget"
killed  C3L-X20 a viewer reads calibration — killed by "C3L-A06 a viewer has no judge action; only an administrator sets a budget"
killed  C3L-X21 a developer sets a budget — killed by "C3L-A06 a viewer has no judge action; only an administrator sets a budget"
killed  C3L-X22 another provider's payer pays — killed by "C3L-B01 a budget is PROVIDER_USD, exact to 1e-8, for this provider's own named payer"
killed  C3L-X23 any ref kind is a payer — killed by "C3L-B01 a budget is PROVIDER_USD, exact to 1e-8, for this provider's own named payer"
killed  C3L-X24 the limit is not an exact Lab amount — killed by "C3L-B01 a budget is PROVIDER_USD, exact to 1e-8, for this provider's own named payer"
killed  C3L-X25 the budget is CREDIT — killed by "C3L-B01 a budget is PROVIDER_USD, exact to 1e-8, for this provider's own named payer"
killed  C3L-X26 each click mints its own run id — killed by "C3L-B02 a double-click submit is one run: both clicks carry the form's run id"
killed  C3L-X27 the page size is not clamped — killed by "C3L-P01 calibration pages are bounded: the limit is clamped, a bad cursor or limit is refused"
killed  C3L-X28 a malformed cursor is sent — killed by "C3L-P01 calibration pages are bounded: the limit is clamped, a bad cursor or limit is refused"
killed  C3L-X29 an over-long server page is rendered — killed by "C3L-P02 a full page carries the next cursor, a short page ends, an over-long page is refused"
killed  C3L-X30 a short page claims a next page — killed by "C3L-P02 a full page carries the next cursor, a short page ends, an over-long page is refused"
killed  C3L-X31 the session client drops the Lab cookie options — killed by "C3L-S01 the calls ride the user's own Lab session; a misconfigured Lab builds no client"
killed  C3L-X32 a misconfigured Lab still builds a client — killed by "C3L-S01 the calls ride the user's own Lab session; a misconfigured Lab builds no client"
killed  C3L-X33 a refreshed session cookie is dropped — killed by "C3L-S01 the calls ride the user's own Lab session; a misconfigured Lab builds no client"
killed  C3L-X34 the session client adds an identity to every call — killed by "C3L-S01 the calls ride the user's own Lab session; a misconfigured Lab builds no client"
killed  C3L-X35 a judge action skips the provider guard — killed by "L1-B01 every page, route, provider layout and server action calls the provider guard"
killed  J3L-X01 the read takes the provider from the request — killed by "J3L-R01 the read names the session's provider and the request, and returns the rows"
killed  J3L-X02 the request id is not sent — killed by "J3L-R01 the read names the session's provider and the request, and returns the rows"
killed  J3L-X03 a viewer reads judge runs — killed by "J3L-R02 a viewer or a malformed request id makes no call"
killed  J3L-X04 a malformed request id is sent — killed by "J3L-R02 a viewer or a malformed request id makes no call"
killed  J3L-X05 ids match case-insensitively — killed by "J3L-R02 a viewer or a malformed request id makes no call"
killed  J3L-X06 P0002 (a foreign or unknown row) is unavailable — killed by "J3L-R03 the server's refusal is denied; any other failure is unavailable"
killed  J3L-X07 any error reads as denied — killed by "J3L-R03 the server's refusal is denied; any other failure is unavailable"
killed  J3L-X08 a thrown call reads as denied — killed by "J3L-R03 the server's refusal is denied; any other failure is unavailable"
killed  J3L-X09 any mode is read — killed by "J3L-R04 one malformed row fails the whole read closed"
killed  J3L-X10 any state is read — killed by "J3L-R04 one malformed row fails the whole read closed"
killed  J3L-X11 an inexact USD hold is read — killed by "J3L-R04 one malformed row fails the whole read closed"
killed  J3L-X12 a numeric actual USD is read — killed by "J3L-R04 one malformed row fails the whole read closed"
killed  J3L-X13 a fractional rubric version is read — killed by "J3L-R04 one malformed row fails the whole read closed"
killed  J3L-X14 a non-boolean media flag is read — killed by "J3L-R04 one malformed row fails the whole read closed"
killed  J3L-X15 a textual score is read — killed by "J3L-R04 one malformed row fails the whole read closed"
killed  J3L-X16 a textual verdict is read — killed by "J3L-R04 one malformed row fails the whole read closed"
killed  J3L-X17 a negative label count is read — killed by "J3L-R04 one malformed row fails the whole read closed"
killed  J3L-X18 an inverted interval is read — killed by "J3L-R04 one malformed row fails the whole read closed"
killed  J3L-X19 a no-media pass is passed through (R56) — killed by "J3L-R05 a no-media pass or an unsupported 'calibrated' is never passed through"
killed  J3L-X20 any no-media pass is refused, even a text-only rubric's — killed by "J3L-R05 a no-media pass or an unsupported 'calibrated' is never passed through"
killed  J3L-X21 'calibrated' on too few labels is passed through — killed by "J3L-R05 a no-media pass or an unsupported 'calibrated' is never passed through"
killed  J3L-X22 'calibrated' without an agreement is passed through — killed by "J3L-R05 a no-media pass or an unsupported 'calibrated' is never passed through"
killed  J3L-X23 'calibrated' without an interval is passed through — killed by "J3L-R05 a no-media pass or an unsupported 'calibrated' is never passed through"
killed  C3L-X36 a blank optional page size is refused — killed by "C3L-P01 calibration pages are bounded: the limit is clamped, a bad cursor or limit is refused"
killed  C3P-X01 the page skips the provider guard — killed by "C3P-01 the page runs the guard, then mints one run id per render into the run form only"
killed  C3P-X02 the run form mints its own id — killed by "C3P-01 the page runs the guard, then mints one run id per render into the run form only"
killed  C3P-X03 the browser mints a run id per submit — killed by "C3P-01 the page runs the guard, then mints one run id per render into the run form only"
killed  C3P-X04 the run request carries no run id — killed by "C3P-01 the page runs the guard, then mints one run id per render into the run form only"
killed  C3P-X05 a form carries the provider — killed by "C3P-02 the four forms post the four C3L actions and never a provider or identity field"
killed  C3P-X06 a form posts the wrong action — killed by "C3P-02 the four forms post the four C3L actions and never a provider or identity field"
killed  C3P-X07 hidden values are dropped — killed by "C3P-02 the four forms post the four C3L actions and never a provider or identity field"
killed  C3P-X08 a viewer gets the forms — killed by "C3P-03 a viewer gets no judge form; only an administrator gets the budget form"
killed  C3P-X09 a developer gets the budget form — killed by "C3P-03 a viewer gets no judge form; only an administrator gets the budget form"
killed  C3P-X10 a refusal reads as another refusal — killed by "C3P-04 every outcome has fixed copy, and a refusal never renders data"
killed  C3P-X11 a refusal renders the server's answer — killed by "C3P-04 every outcome has fixed copy, and a refusal never renders data"
killed  C3P-X12 the next cursor is dropped — killed by "C3P-04 every outcome has fixed copy, and a refusal never renders data"
killed  C3P-X13 the form never shows the outcome — killed by "C3P-04 every outcome has fixed copy, and a refusal never renders data"

21 cases, all named: true; 72 mutants, 72 killed, 0 not killed
cd apps/lab && node tests/r/run-mutants.mjs
killed  R4-X01 the default port is the stand-in, not unavailable — killed by "R4-V11 the releases port fails closed: unavailable until the real adapter is wired, the preview never in production"
killed  R4-X02 the preview stand-in runs in production — killed by "R4-V11 the releases port fails closed: unavailable until the real adapter is wired, the preview never in production"
killed  R4-X03 any preview flag value turns the stand-in on — killed by "R4-V11 the releases port fails closed: unavailable until the real adapter is wired, the preview never in production"
killed  R4-X04 candidate weights are shown as raw basis points — killed by "R4-V01 a release row shows the frozen plan, cohort, baseline and candidate weights from the D9 record"
killed  R4-X05 the budget loses its unit — killed by "R4-V01 a release row shows the frozen plan, cohort, baseline and candidate weights from the D9 record"
killed  R4-X06 the cohort unit is not shown — killed by "R4-V01 a release row shows the frozen plan, cohort, baseline and candidate weights from the D9 record"
killed  R4-X07 an idle window divides errors by zero — killed by "R4-V02 progress shows traffic, errors, p99, quality coverage, spend and assignments from R1's aggregates; empty metrics show dashes"
killed  R4-X08 an idle window divides quality coverage by zero — killed by "R4-V02 progress shows traffic, errors, p99, quality coverage, spend and assignments from R1's aggregates; empty metrics show dashes"
killed  R4-X09 no progress reads as zero traffic — killed by "R4-V02 progress shows traffic, errors, p99, quality coverage, spend and assignments from R1's aggregates; empty metrics show dashes"
killed  R4-X10 a missing p99 renders as a number — killed by "R4-V02 progress shows traffic, errors, p99, quality coverage, spend and assignments from R1's aggregates; empty metrics show dashes"
killed  R4-X11 assignments lose how they were pinned — killed by "R4-V02 progress shows traffic, errors, p99, quality coverage, spend and assignments from R1's aggregates; empty metrics show dashes"
killed  R4-X12 spend in another unit is shown against the budget — killed by "R4-V03 spend in another unit than the budget is named, never converted"
killed  R4-X13 an inconclusive evaluation is not named — killed by "R4-V04 an inconclusive evaluation blocks promotion and says so; only an expand verdict offers expansion"
killed  R4-X14 inconclusive is read from the wrong reason — killed by "R4-V04 an inconclusive evaluation blocks promotion and says so; only an expand verdict offers expansion"
killed  R4-X15 expansion is offered on any verdict — killed by "R4-V04 an inconclusive evaluation blocks promotion and says so; only an expand verdict offers expansion"
killed  R4-X16 expansion is offered on an approved release — killed by "R4-V05 actions follow the record and the role: only an administrator proposes; nothing on a rolled-back release or while a request is pending"
killed  R4-X17 rollback is offered on a rolled-back release — killed by "R4-J01 guardrail rollback: the controller's rollback verdict is one D9 transition and the page shows it from the records"
killed  R4-X18 a pending request does not block another — killed by "R4-V05 actions follow the record and the role: only an administrator proposes; nothing on a rolled-back release or while a request is pending"
killed  R4-X19 a decided request still reads as pending — killed by "R4-V05 actions follow the record and the role: only an administrator proposes; nothing on a rolled-back release or while a request is pending"
killed  R4-X20 another release's request blocks this one — killed by "R4-V05 actions follow the record and the role: only an administrator proposes; nothing on a rolled-back release or while a request is pending"
killed  R4-X21 a developer may propose — killed by "R4-V05 actions follow the record and the role: only an administrator proposes; nothing on a rolled-back release or while a request is pending"
killed  R4-X22 a request reads as done — killed by "R4-J02 promotion: expand verdict → administrator proposal → operator approval → approved with its evidence"
killed  R4-X23 the form carries another fence than the record's — killed by "R4-V05 actions follow the record and the role: only an administrator proposes; nothing on a rolled-back release or while a request is pending"
killed  R4-X24 a requested rollback is shown as rolled back — killed by "R4-V06 a rollback is shown from the D9 decision records with reasons and who decided, never from a request"
killed  R4-X25 lineage carries other releases' decisions — killed by "R4-V06 a rollback is shown from the D9 decision records with reasons and who decided, never from a request"
killed  R4-X26 lineage drops the reasons — killed by "R4-J01 guardrail rollback: the controller's rollback verdict is one D9 transition and the page shows it from the records"
killed  R4-X27 lineage drops the evidence — killed by "R4-V06 a rollback is shown from the D9 decision records with reasons and who decided, never from a request"
killed  R4-X28 a settled release still shows promotion blocked — killed by "R4-V06 a rollback is shown from the D9 decision records with reasons and who decided, never from a request"
killed  R4-X29 an expand verdict still shows promotion blocked — killed by "R4-V04 an inconclusive evaluation blocks promotion and says so; only an expand verdict offers expansion"
killed  R4-X30 an approved release reads as running — killed by "R4-V06 a rollback is shown from the D9 decision records with reasons and who decided, never from a request"
killed  R4-X31 an unevaluated release reads as passing — killed by "R4-V04 an inconclusive evaluation blocks promotion and says so; only an expand verdict offers expansion"
killed  R4-X32 the scope drops the hardware — killed by "R4-V07 a variant row names the hardware and runtime scope of both sides and what changed"
killed  R4-X33 the scope drops the engine version — killed by "R4-V07 a variant row names the hardware and runtime scope of both sides and what changed"
killed  R4-X34 a fixture is labelled a measurement — killed by "R4-V08 performance is a measurement only when every source is an experiment results path at a commit"
killed  R4-X35 a results path without a commit counts — killed by "R4-V08 performance is a measurement only when every source is an experiment results path at a commit"
killed  R4-X36 one measured source is enough — killed by "R4-V08 performance is a measurement only when every source is an experiment results path at a commit"
killed  R4-X37 a non-equivalent variant claims an optimization — killed by "R4-V09 an optimization is claimed and a variant is eligible only for an equivalent comparison"
killed  R4-X38 an unmeasured claim is trusted — killed by "R4-V09 an optimization is claimed and a variant is eligible only for an equivalent comparison"
killed  R4-X39 a claim the record does not make is shown — killed by "R4-V09 an optimization is claimed and a variant is eligible only for an equivalent comparison"
killed  R4-X40 an inconclusive variant is eligible — killed by "R4-V09 an optimization is claimed and a variant is eligible only for an equivalent comparison"
killed  R4-X41 an uncompared variant reads as compared — killed by "R4-V09 an optimization is claimed and a variant is eligible only for an equivalent comparison"
killed  R4-X42 the comparison's reasons are dropped — killed by "R4-V09 an optimization is claimed and a variant is eligible only for an equivalent comparison"
killed  R4-X43 any ?refused= string is looked up — killed by "R4-V10 a refusal is fixed copy for a known reason and nothing for anything else in the URL"
killed  R4-X44 reads are not scoped to the provider — killed by "R4-J03 unsafe proposals: another provider, a viewer or developer, a stale fence, a double click, an inconclusive verdict, a rolled-back release"
killed  R4-X45 another provider's release can be proposed on — killed by "R4-J03 unsafe proposals: another provider, a viewer or developer, a stale fence, a double click, an inconclusive verdict, a rolled-back release"
killed  R4-X46 a foreign id is judged by role first (confirms it exists) — killed by "R4-J03 unsafe proposals: another provider, a viewer or developer, a stale fence, a double click, an inconclusive verdict, a rolled-back release"
killed  R4-X47 the service does not re-check the capability — killed by "R4-J03 unsafe proposals: another provider, a viewer or developer, a stale fence, a double click, an inconclusive verdict, a rolled-back release"
killed  R4-X48 a stale fence is accepted — killed by "R4-J03 unsafe proposals: another provider, a viewer or developer, a stale fence, a double click, an inconclusive verdict, a rolled-back release"
killed  R4-X49 expansion is proposed on an inconclusive verdict — killed by "R4-J03 unsafe proposals: another provider, a viewer or developer, a stale fence, a double click, an inconclusive verdict, a rolled-back release"
killed  R4-X50 an approved release is expanded again — killed by "R4-J03 unsafe proposals: another provider, a viewer or developer, a stale fence, a double click, an inconclusive verdict, a rolled-back release"
killed  R4-X51 a rolled-back release takes a rollback proposal — killed by "R4-J03 unsafe proposals: another provider, a viewer or developer, a stale fence, a double click, an inconclusive verdict, a rolled-back release"
killed  R4-X52 a double click makes two proposals — killed by "R4-J03 unsafe proposals: another provider, a viewer or developer, a stale fence, a double click, an inconclusive verdict, a rolled-back release"
killed  R4-X53 a transition does not move the fence — killed by "R4-J01 guardrail rollback: the controller's rollback verdict is one D9 transition and the page shows it from the records"
killed  R4-X54 a settled release is transitioned again — killed by "R4-J01 guardrail rollback: the controller's rollback verdict is one D9 transition and the page shows it from the records"
killed  R4-X55 a rollback verdict is not acted on — killed by "R4-J01 guardrail rollback: the controller's rollback verdict is one D9 transition and the page shows it from the records"
killed  R4-X56 a stale approval is applied — killed by "R4-J04 an operator approval of a stale or rejected proposal leaves the release untouched"
killed  R4-X57 a rejected proposal is applied — killed by "R4-J04 an operator approval of a stale or rejected proposal leaves the release untouched"
killed  R4-X58 an expansion drops its evidence — killed by "R4-J02 promotion: expand verdict → administrator proposal → operator approval → approved with its evidence"
killed  R4-X59 an operator rollback carries no reason — killed by "R4-J02 promotion: expand verdict → administrator proposal → operator approval → approved with its evidence"
killed  R4-X60 an approval is recorded as the controller's — killed by "R4-J02 promotion: expand verdict → administrator proposal → operator approval → approved with its evidence"
killed  R4-X61 a proposal acts as the form's provider — killed by "R4-A01 a proposal runs as the session's provider and role, whatever the form claims"
killed  R4-X62 the capability check is skipped — killed by "R4-A02 a role without propose_publication is refused before the releases service is asked"
killed  R4-X63 proposing needs only the dev capability — killed by "R4-A02 a role without propose_publication is refused before the releases service is asked"
killed  R4-X64 malformed input reaches the releases service — killed by "R4-A03 malformed input is refused as invalid and never reaches the releases service"
killed  R4-X65 an unknown proposal kind is accepted — killed by "R4-A03 malformed input is refused as invalid and never reaches the releases service"
killed  R4-X66 any policy reference passes the shape check — killed by "R4-A03 malformed input is refused as invalid and never reaches the releases service"
killed  R4-X67 any fence passes the shape check — killed by "R4-A03 malformed input is refused as invalid and never reaches the releases service"
killed  R4-X68 a refusal is dropped on the way back — killed by "R4-A02 a role without propose_publication is refused before the releases service is asked"
killed  R4-X69 a success is flagged by the action, not the records — killed by "R4-A01 a proposal runs as the session's provider and role, whatever the form claims"
killed  R4-X70 an action runs without a provider workspace — killed by "R4-A05 a consumer-only user gets a 404 and the releases service is never asked"
killed  R4-X71 a page reads records as a fixed provider — killed by "R4-P01 each page reads the records as the session's workspace and shows ?refused= only as fixed copy"
killed  R4-X72 a page shows ?refused= raw — killed by "R4-P01 each page reads the records as the session's workspace and shows ?refused= only as fixed copy"
killed  R4-X73 a proposal does not name the revision the page showed — killed by "R4-P01 each page reads the records as the session's workspace and shows ?refused= only as fixed copy"
killed  R4-X74 unreadable variants render as an empty page — killed by "R4-P01 each page reads the records as the session's workspace and shows ?refused= only as fixed copy"
killed  R4-X75 a page claims success on its own — killed by "R4-P02 no page offers a launch or allocation control or claims success; the preview stand-in is labelled only when it is on"
killed  R4-X76 a canary allocation control appears — killed by "R4-P02 no page offers a launch or allocation control or claims success; the preview stand-in is labelled only when it is on"
killed  R4-X77 the preview label shows when the stand-in is off — killed by "R4-P02 no page offers a launch or allocation control or claims success; the preview stand-in is labelled only when it is on"
killed  R4-X78 the session token is not sent — killed by "R4-H01 every call is the session's token and the actor's provider on its route; records come back in the port's keys, values untouched"
killed  R4-X79 the provider is not the actor's — killed by "R4-H01 every call is the session's token and the actor's provider on its route; records come back in the port's keys, values untouched"
killed  R4-X80 a read is not unwrapped from {data} — killed by "R4-H01 every call is the session's token and the actor's provider on its route; records come back in the port's keys, values untouched"
killed  R4-X81 records keep the route's snake_case keys — killed by "R4-H01 every call is the session's token and the actor's provider on its route; records come back in the port's keys, values untouched"
killed  R4-X82 nested records are not renamed — killed by "R4-H01 every call is the session's token and the actor's provider on its route; records come back in the port's keys, values untouched"
killed  R4-X83 a list of records is not renamed — killed by "R4-H01 every call is the session's token and the actor's provider on its route; records come back in the port's keys, values untouched"
killed  R4-X84 optimizations read the releases — killed by "R4-H01 every call is the session's token and the actor's provider on its route; records come back in the port's keys, values untouched"
killed  R4-X85 the proposal carries the port's key — killed by "R4-H01 every call is the session's token and the actor's provider on its route; records come back in the port's keys, values untouched"
killed  R4-X86 the proposal is a read — killed by "R4-H01 every call is the session's token and the actor's provider on its route; records come back in the port's keys, values untouched"
killed  R4-X87 the body is not declared JSON — killed by "R4-H01 every call is the session's token and the actor's provider on its route; records come back in the port's keys, values untouched"
killed  R4-X88 no session reads as unavailable — killed by "R4-H02 the route's refusals are the port's reasons; anything else, or no answer, is unavailable"
killed  R4-X89 a missing capability reads as not found — killed by "R4-H02 the route's refusals are the port's reasons; anything else, or no answer, is unavailable"
killed  R4-X90 an unmapped status is invalid — killed by "R4-H02 the route's refusals are the port's reasons; anything else, or no answer, is unavailable"
killed  R4-X91 no answer is invalid — killed by "R4-H02 the route's refusals are the port's reasons; anything else, or no answer, is unavailable"
killed  R4-X92 the configured adapter is ignored — killed by "R4-W01 LAB_RELEASES_API_URL set: the port reads the route as the session's own access token"
killed  R4-X93 another server env names the backend — killed by "R4-W01 LAB_RELEASES_API_URL set: the port reads the route as the session's own access token"
killed  R4-X94 the token is not the session's — killed by "R4-W01 LAB_RELEASES_API_URL set: the port reads the route as the session's own access token"
killed  R4-X95 a call is sent without a session token — killed by "R4-H04 without a session token nothing is sent and every call is unavailable"
killed  R4-X96 an answer is not checked — killed by "R4-H03 one unreadable release, decision, proposal or variant fails the whole answer closed"
killed  R4-X97 an unknown release state is read — killed by "R4-H03 one unreadable release, decision, proposal or variant fails the whole answer closed"
killed  R4-X98 a release without its fence is read — killed by "R4-H03 one unreadable release, decision, proposal or variant fails the whole answer closed"
killed  R4-X99 a plan without its budget is read — killed by "R4-H03 one unreadable release, decision, proposal or variant fails the whole answer closed"
killed  R4-X100 an amount that is not an exact string is read — killed by "R4-H03 one unreadable release, decision, proposal or variant fails the whole answer closed"
killed  R4-X101 an arm without its p99 (null or a number) is read — killed by "R4-H03 one unreadable release, decision, proposal or variant fails the whole answer closed"
killed  R4-X102 an unknown assignment pin is read — killed by "R4-H03 one unreadable release, decision, proposal or variant fails the whole answer closed"
killed  R4-X103 an unknown verdict action is read — killed by "R4-H03 one unreadable release, decision, proposal or variant fails the whole answer closed"
killed  R4-X104 a missing verdict reads as none — killed by "R4-H03 one unreadable release, decision, proposal or variant fails the whole answer closed"
killed  R4-X105 a candidate without its weight is read — killed by "R4-H03 one unreadable release, decision, proposal or variant fails the whole answer closed"
killed  R4-X106 an unknown release mode is read — killed by "R4-H03 one unreadable release, decision, proposal or variant fails the whole answer closed"
killed  R4-X107 an unknown decision is read — killed by "R4-H03 one unreadable release, decision, proposal or variant fails the whole answer closed"
killed  R4-X108 a decision without its time is read — killed by "R4-H03 one unreadable release, decision, proposal or variant fails the whole answer closed"
killed  R4-X109 an unknown proposal state is read — killed by "R4-H03 one unreadable release, decision, proposal or variant fails the whole answer closed"
killed  R4-X110 a proposal without its fence is read — killed by "R4-H03 one unreadable release, decision, proposal or variant fails the whole answer closed"
killed  R4-X111 the records' proposals are not checked — killed by "R4-H03 one unreadable release, decision, proposal or variant fails the whole answer closed"
killed  R4-X112 an unknown comparison outcome is read — killed by "R4-H03 one unreadable release, decision, proposal or variant fails the whole answer closed"
killed  R4-X113 a variant without its base identity is read — killed by "R4-H03 one unreadable release, decision, proposal or variant fails the whole answer closed"
killed  R4-X114 an identity without its quantization is read — killed by "R4-H03 one unreadable release, decision, proposal or variant fails the whole answer closed"
killed  R4-X115 a performance ratio that is not a number is read — killed by "R4-H03 one unreadable release, decision, proposal or variant fails the whole answer closed"
killed  R4-X116 a comparison without its claim flag is read — killed by "R4-H03 one unreadable release, decision, proposal or variant fails the whole answer closed"
killed  R4-X117 a variants answer that is one record is read — killed by "R4-H03 one unreadable release, decision, proposal or variant fails the whole answer closed"
killed  R4-X118 a proposal's answer is not checked — killed by "R4-H03 one unreadable release, decision, proposal or variant fails the whole answer closed"
killed  R4-X119 a session-token getter that rejects escapes the adapter — killed by "R4-H05 a session-token getter that rejects is no session: nothing is sent and every call is unavailable"

29 cases, all named: true; 119 mutants, 119 killed, 0 not killed
cd apps/lab && node tests/p/run-mutants.mjs
killed  P4-X01 a viewer may run pipelines — killed by "P4-A02 a role without the capability is refused before the pipeline service is asked"
killed  P4-X02 a developer may assign reviewers — killed by "P4-A02 a role without the capability is refused before the pipeline service is asked"
killed  P4-X03 the preview stand-in runs in production — killed by "P4-V14 the pipelines port fails closed: unavailable until the real adapter is wired, the preview never in production"
killed  P4-X04 the default port is the stand-in, not unavailable — killed by "P4-V14 the pipelines port fails closed: unavailable until the real adapter is wired, the preview never in production"
killed  P4-X05 any preview flag value turns the stand-in on — killed by "P4-V14 the pipelines port fails closed: unavailable until the real adapter is wired, the preview never in production"
killed  P4-X06 a synthetic label reads as an imported one — killed by "P4-V02 synthetic, imported and reviewed labels never read alike; only a human review is ground truth"
killed  P4-X07 any label flagged ground truth reads as ground truth — killed by "P4-V02 synthetic, imported and reviewed labels never read alike; only a human review is ground truth"
killed  P4-X08 a decided label can be reviewed again — killed by "P4-V03 only a submitted label can be reviewed, and only by a role that runs pipelines"
killed  P4-X09 a viewer may review — killed by "P4-V03 only a submitted label can be reviewed, and only by a role that runs pipelines"
killed  P4-X10 an unknown import reason is echoed — killed by "P4-V04 an import receipt lists every rejected row with its reason; an unknown reason is not echoed"
killed  P4-X11 rejected rows are not counted — killed by "P4-V04 an import receipt lists every rejected row with its reason; an unknown reason is not echoed"
killed  P4-X12 export lineage hides the label methods — killed by "P4-V05 an export shows its lineage (sample → labels and methods) and every omitted sample with its reason"
killed  P4-X13 omitted samples are dropped from the export — killed by "P4-V05 an export shows its lineage (sample → labels and methods) and every omitted sample with its reason"
killed  P4-X14 the budget hides what is reserved — killed by "P4-V06 a training run shows its USD budget and named payer, config, data and holdout pin"
killed  P4-X15 the payer is not the run's — killed by "P4-V06 a training run shows its USD budget and named payer, config, data and holdout pin"
killed  P4-X16 the holdout pin is hidden — killed by "P4-V06 a training run shows its USD budget and named payer, config, data and holdout pin"
killed  P4-X17 an ambiguous submission reads as submitted — killed by "P4-V07 an ambiguous submission reads as unknown with its hold, and offers no resubmit or cancel"
killed  P4-X18 an ambiguous submission offers a resubmit — killed by "P4-V07 an ambiguous submission reads as unknown with its hold, and offers no resubmit or cancel"
killed  P4-X19 cancel is offered on any unfinished run — killed by "P4-V07 an ambiguous submission reads as unknown with its hold, and offers no resubmit or cancel"
killed  P4-X20 an unknown cost is estimated — killed by "P4-V08 cost is unsettled, unknown or as reported, never estimated; the manual bundle holds nothing"
killed  P4-X21 an unsettled run reads as settled — killed by "P4-V08 cost is unsettled, unknown or as reported, never estimated; the manual bundle holds nothing"
killed  P4-X22 the manual bundle reads as a platform charge — killed by "P4-V08 cost is unsettled, unknown or as reported, never estimated; the manual bundle holds nothing"
killed  P4-X23 finish is offered on an automatic run — killed by "P4-V09 run actions follow the record: submit a prepared bundle, finish a manual one, cancel live ones; none for a viewer"
killed  P4-X24 a viewer gets run actions — killed by "P4-V09 run actions follow the record: submit a prepared bundle, finish a manual one, cancel live ones; none for a viewer"
killed  P4-X25 a failure hides its reason — killed by "P4-V09 run actions follow the record: submit a prepared bundle, finish a manual one, cancel live ones; none for a viewer"
killed  P4-X26 an unknown checkpoint reason is echoed — killed by "P4-V10 a rejected checkpoint shows its reason and is never evaluated or approvable"
killed  P4-X27 a rejected checkpoint reads as evaluated — killed by "P4-V10 a rejected checkpoint shows its reason and is never evaluated or approvable"
killed  P4-X28 lineage skips the dataset — killed by "P4-V11 lineage runs from the checkpoint to its run, data, export, config and holdout pin"
killed  P4-X29 an orphan checkpoint claims a lineage — killed by "P4-V11 lineage runs from the checkpoint to its run, data, export, config and holdout pin"
killed  P4-X30 an evaluation on another split approves — killed by "P4-V12 approval needs a succeeded evaluation on exactly the run's pinned holdout; training metrics never promote"
killed  P4-X31 an evaluation on another holdout pin approves — killed by "P4-V12 approval needs a succeeded evaluation on exactly the run's pinned holdout; training metrics never promote"
killed  P4-X32 an unfinished evaluation approves — killed by "P4-V12 approval needs a succeeded evaluation on exactly the run's pinned holdout; training metrics never promote"
killed  P4-X33 an eligible candidate is offered approval again — killed by "P4-V12 approval needs a succeeded evaluation on exactly the run's pinned holdout; training metrics never promote"
killed  P4-X34 a viewer may approve — killed by "P4-V12 approval needs a succeeded evaluation on exactly the run's pinned holdout; training metrics never promote"
killed  P4-X35 an eligible candidate reads as published — killed by "P4-V12 approval needs a succeeded evaluation on exactly the run's pinned holdout; training metrics never promote"
killed  P4-X36 any ?refused= string is looked up — killed by "P4-V13 a refusal is fixed copy for a known reason and nothing for anything else in the URL"
killed  P4-X37 reads are not scoped to the provider — killed by "P4-J05 unauthorized variants: another provider, a viewer, a developer assigning, a foreign payer, an expired export"
killed  P4-X38 another provider's dataset is served — killed by "P4-J05 unauthorized variants: another provider, a viewer, a developer assigning, a foreign payer, an expired export"
killed  P4-X39 another provider's run is served — killed by "P4-J05 unauthorized variants: another provider, a viewer, a developer assigning, a foreign payer, an expired export"
killed  P4-X40 a row claiming ground truth is imported — killed by "P4-J01 import → correction → adjudication → train-only export: methods kept apart, lineage and omissions recorded"
killed  P4-X41 an imported human label becomes ground truth — killed by "P4-J01 import → correction → adjudication → train-only export: methods kept apart, lineage and omissions recorded"
killed  P4-X42 an ungranted sample is imported — killed by "P4-J01 import → correction → adjudication → train-only export: methods kept apart, lineage and omissions recorded"
killed  P4-X43 an import replay with other rows is accepted — killed by "P4-J01 import → correction → adjudication → train-only export: methods kept apart, lineage and omissions recorded"
killed  P4-X44 a correction writes no human label — killed by "P4-J01 import → correction → adjudication → train-only export: methods kept apart, lineage and omissions recorded"
killed  P4-X45 a decided label is reviewed again — killed by "P4-J01 import → correction → adjudication → train-only export: methods kept apart, lineage and omissions recorded"
killed  P4-X46 adjudication leaves the disputed labels live — killed by "P4-J01 import → correction → adjudication → train-only export: methods kept apart, lineage and omissions recorded"
killed  P4-X47 a holdout sample is exported — killed by "P4-J01 import → correction → adjudication → train-only export: methods kept apart, lineage and omissions recorded"
killed  P4-X48 a disputed sample is exported — killed by "P4-J01 import → correction → adjudication → train-only export: methods kept apart, lineage and omissions recorded"
killed  P4-X49 an export replay with another adapter is accepted — killed by "P4-J01 import → correction → adjudication → train-only export: methods kept apart, lineage and omissions recorded"
killed  P4-X50 a prepare replay with another budget is accepted — killed by "P4-J02 manual bundle → submit (nothing reserved) → finish → checkpoint → held-out evaluation → eligible, all replay-safe"
killed  P4-X51 another provider's payer pays — killed by "P4-J05 unauthorized variants: another provider, a viewer, a developer assigning, a foreign payer, an expired export"
killed  P4-X52 an expired export is bundled — killed by "P4-J05 unauthorized variants: another provider, a viewer, a developer assigning, a foreign payer, an expired export"
killed  P4-X53 the bundle names an automatic connector — killed by "P4-J02 manual bundle → submit (nothing reserved) → finish → checkpoint → held-out evaluation → eligible, all replay-safe"
killed  P4-X54 the manual bundle reserves budget — killed by "P4-J02 manual bundle → submit (nothing reserved) → finish → checkpoint → held-out evaluation → eligible, all replay-safe"
killed  P4-X55 an ambiguous submission is submitted again — killed by "P4-J04 an ambiguous submission is only ever looked up, never resubmitted; a revoked grant stops a submit"
killed  P4-X56 a revoked grant still submits — killed by "P4-J04 an ambiguous submission is only ever looked up, never resubmitted; a revoked grant stops a submit"
killed  P4-X57 an ambiguous run can be cancelled — killed by "P4-J04 an ambiguous submission is only ever looked up, never resubmitted; a revoked grant stops a submit"
killed  P4-X58 a prepared run can be finished — killed by "P4-A05 the service's refusal is carried as its reason; its success is a plain return to the records"
killed  P4-X59 a late checkpoint is accepted — killed by "P4-J03 a bad, late or mismatched checkpoint is rejected with its reason and never evaluated; a redelivery keeps the first outcome"
killed  P4-X60 a checkpoint of other bytes is accepted — killed by "P4-J03 a bad, late or mismatched checkpoint is rejected with its reason and never evaluated; a redelivery keeps the first outcome"
killed  P4-X61 a missing artifact reads as a digest mismatch — killed by "P4-J03 a bad, late or mismatched checkpoint is rejected with its reason and never evaluated; a redelivery keeps the first outcome"
killed  P4-X62 a redelivery is judged again — killed by "P4-J03 a bad, late or mismatched checkpoint is rejected with its reason and never evaluated; a redelivery keeps the first outcome"
killed  P4-X63 a checkpoint outside its run's prefix is taken — killed by "P4-J03 a bad, late or mismatched checkpoint is rejected with its reason and never evaluated; a redelivery keeps the first outcome"
killed  P4-X64 a rejected checkpoint is queued for evaluation — killed by "P4-J03 a bad, late or mismatched checkpoint is rejected with its reason and never evaluated; a redelivery keeps the first outcome"
killed  P4-X65 approval without a succeeded evaluation — killed by "P4-J02 manual bundle → submit (nothing reserved) → finish → checkpoint → held-out evaluation → eligible, all replay-safe"
killed  P4-X66 the role is not checked — killed by "P4-J05 unauthorized variants: another provider, a viewer, a developer assigning, a foreign payer, an expired export"
killed  P4-X67 assigning needs only run_evaluation — killed by "P4-J05 unauthorized variants: another provider, a viewer, a developer assigning, a foreign payer, an expired export"
killed  P4-X68 an import acts as the form's provider — killed by "P4-A01 actions run as the session's provider and role, whatever the form claims"
killed  P4-X69 the actor's role is not the session's — killed by "P4-A01 actions run as the session's provider and role, whatever the form claims"
killed  P4-X70 the capability check is skipped — killed by "P4-A02 a role without the capability is refused before the pipeline service is asked"
killed  P4-X71 malformed input reaches the pipeline service — killed by "P4-A03 malformed input, another provider's payer or dataset, or an unknown op never reaches the pipeline service"
killed  P4-X72 another provider's refs pass as this provider's — killed by "P4-A03 malformed input, another provider's payer or dataset, or an unknown op never reaches the pipeline service"
killed  P4-X73 any USD amount passes — killed by "P4-A03 malformed input, another provider's payer or dataset, or an unknown op never reaches the pipeline service"
killed  P4-X74 any id passes as a run id — killed by "P4-A03 malformed input, another provider's payer or dataset, or an unknown op never reaches the pipeline service"
killed  P4-X75 any objective passes — killed by "P4-A03 malformed input, another provider's payer or dataset, or an unknown op never reaches the pipeline service"
killed  P4-X76 any op reaches the service — killed by "P4-A03 malformed input, another provider's payer or dataset, or an unknown op never reaches the pipeline service"
killed  P4-X77 a correction may accept — killed by "P4-A03 malformed input, another provider's payer or dataset, or an unknown op never reaches the pipeline service"
killed  P4-X78 an export may outlive N2's bound — killed by "P4-A03 malformed input, another provider's payer or dataset, or an unknown op never reaches the pipeline service"
killed  P4-X79 the connector is read from the form — killed by "P4-A04 the training connector is always the manual bundle, never the form's; a double submit is one run"
killed  P4-X80 a refusal is dropped on the way back — killed by "P4-A02 a role without the capability is refused before the pipeline service is asked"
killed  P4-X81 a success is flagged by the action, not the records — killed by "P4-A01 actions run as the session's provider and role, whatever the form claims"
killed  P4-X82 an action runs without a provider workspace — killed by "P4-A06 a consumer-only user gets a 404 from every action and the pipeline service is never asked"
killed  P4-X83 assigning needs only run_evaluation in the action — killed by "P4-A02 a role without the capability is refused before the pipeline service is asked"
killed  P4-X84 the action mints a run id when the form has none — killed by "P4-A03 malformed input, another provider's payer or dataset, or an unknown op never reaches the pipeline service"
killed  P4-X85 a page reads records as a fixed provider — killed by "P4-P01 each page reads the pipeline records as the session's workspace and shows ?refused= only as fixed copy"
killed  P4-X86 a page shows ?refused= raw — killed by "P4-P01 each page reads the pipeline records as the session's workspace and shows ?refused= only as fixed copy"
killed  P4-X87 a page claims success on its own — killed by "P4-P01 each page reads the pipeline records as the session's workspace and shows ?refused= only as fixed copy"
killed  P4-X88 the run id is typed, not minted at render — killed by "P4-P02 every import, export, bundle and checkpoint form carries an id minted at render, never typed or re-minted by the action"
killed  P4-X89 the import id is not minted at render — killed by "P4-P02 every import, export, bundle and checkpoint form carries an id minted at render, never typed or re-minted by the action"
killed  P4-X90 the export id is not minted at render — killed by "P4-P02 every import, export, bundle and checkpoint form carries an id minted at render, never typed or re-minted by the action"
killed  P4-X91 the checkpoint id is not minted at render — killed by "P4-P02 every import, export, bundle and checkpoint form carries an id minted at render, never typed or re-minted by the action"
killed  P4-X92 the payer is not asked for — killed by "P4-P03 the paid forms show the USD budget and named payer, and no form picks a connector"
killed  P4-X93 the budget is not labelled USD — killed by "P4-P03 the paid forms show the USD budget and named payer, and no form picks a connector"
killed  P4-X94 a run row hides its payer — killed by "P4-P03 the paid forms show the USD budget and named payer, and no form picks a connector"
killed  P4-X95 the form picks a connector — killed by "P4-P03 the paid forms show the USD budget and named payer, and no form picks a connector"
killed  P4-X96 automatic connectors are advertised — killed by "P4-P03 the paid forms show the USD budget and named payer, and no form picks a connector"
killed  P4-X97 a label's ground-truth status is not shown — killed by "P4-P04 labels show their kind and ground-truth status apart; the preview stand-in is labelled only when it is on"
killed  P4-X98 the preview label shows when the stand-in is off — killed by "P4-P04 labels show their kind and ground-truth status apart; the preview stand-in is labelled only when it is on"
killed  P4-X99 the session token is not sent — killed by "P4-H01 every call is the session's token and the actor's provider on its route; keys are renamed both ways, values untouched"
killed  P4-X100 the provider is not the actor's — killed by "P4-H01 every call is the session's token and the actor's provider on its route; keys are renamed both ways, values untouched"
killed  P4-X101 a list is not unwrapped from {data} — killed by "P4-H01 every call is the session's token and the actor's provider on its route; keys are renamed both ways, values untouched"
killed  P4-X102 records keep the route's snake_case keys — killed by "P4-H01 every call is the session's token and the actor's provider on its route; keys are renamed both ways, values untouched"
killed  P4-X103 bodies go out in the port's camelCase — killed by "P4-H01 every call is the session's token and the actor's provider on its route; keys are renamed both ways, values untouched"
killed  P4-X104 nested keys are not renamed — killed by "P4-H01 every call is the session's token and the actor's provider on its route; keys are renamed both ways, values untouched"
killed  P4-X105 a list of records is not renamed — killed by "P4-H01 every call is the session's token and the actor's provider on its route; keys are renamed both ways, values untouched"
killed  P4-X106 the dataset is not the query's — killed by "P4-H01 every call is the session's token and the actor's provider on its route; keys are renamed both ways, values untouched"
killed  P4-X107 the bundle is not the route's JSON text — killed by "P4-H01 every call is the session's token and the actor's provider on its route; keys are renamed both ways, values untouched"
killed  P4-X108 the export pin is flattened — killed by "P4-H01 every call is the session's token and the actor's provider on its route; keys are renamed both ways, values untouched"
killed  P4-X109 the USD limit is sent under the port's key — killed by "P4-H01 every call is the session's token and the actor's provider on its route; keys are renamed both ways, values untouched"
killed  P4-X110 a review answer leaks the route's record — killed by "P4-H01 every call is the session's token and the actor's provider on its route; keys are renamed both ways, values untouched"
killed  P4-X111 a submit is a read — killed by "P4-H01 every call is the session's token and the actor's provider on its route; keys are renamed both ways, values untouched"
killed  P4-X112 the approval drops its run — killed by "P4-H01 every call is the session's token and the actor's provider on its route; keys are renamed both ways, values untouched"
killed  P4-X113 the body is not declared JSON — killed by "P4-H01 every call is the session's token and the actor's provider on its route; keys are renamed both ways, values untouched"
killed  P4-X114 an expired export reads as unavailable — killed by "P4-H02 the route's refusals are the port's reasons (410 is gone); anything else, or no answer, is unavailable"
killed  P4-X115 no session reads as unavailable — killed by "P4-H02 the route's refusals are the port's reasons (410 is gone); anything else, or no answer, is unavailable"
killed  P4-X116 a missing capability reads as not found — killed by "P4-H02 the route's refusals are the port's reasons (410 is gone); anything else, or no answer, is unavailable"
killed  P4-X117 an unmapped status is invalid — killed by "P4-H02 the route's refusals are the port's reasons (410 is gone); anything else, or no answer, is unavailable"
killed  P4-X118 no answer is invalid — killed by "P4-H02 the route's refusals are the port's reasons (410 is gone); anything else, or no answer, is unavailable"
killed  P4-X119 the configured adapter is ignored — killed by "P4-W01 LAB_PIPELINES_API_URL set: the port reads the route as the session's own access token"
killed  P4-X120 another server env names the backend — killed by "P4-W01 LAB_PIPELINES_API_URL set: the port reads the route as the session's own access token"
killed  P4-X121 the token is not the session's — killed by "P4-W01 LAB_PIPELINES_API_URL set: the port reads the route as the session's own access token"
killed  P4-X122 a call is sent without a session token — killed by "P4-H04 without a session token nothing is sent and every call is unavailable"
killed  P4-X123 an answer is not checked — killed by "P4-H03 the route's records pass (renamed only); one unreadable row fails the whole answer closed"
killed  P4-X124 an unknown label method is read — killed by "P4-H03 the route's records pass (renamed only); one unreadable row fails the whole answer closed"
killed  P4-X125 a label without its ground-truth flag is read — killed by "P4-H03 the route's records pass (renamed only); one unreadable row fails the whole answer closed"
killed  P4-X126 an unknown label state is read — killed by "P4-H03 the route's records pass (renamed only); one unreadable row fails the whole answer closed"
killed  P4-X127 a disagreement's refs are not a list — killed by "P4-H03 the route's records pass (renamed only); one unreadable row fails the whole answer closed"
killed  P4-X128 an unknown import refusal is read — killed by "P4-H03 the route's records pass (renamed only); one unreadable row fails the whole answer closed"
killed  P4-X129 a receipt without its count is read — killed by "P4-H03 the route's records pass (renamed only); one unreadable row fails the whole answer closed"
killed  P4-X130 an unknown lineage method is read — killed by "P4-H03 the route's records pass (renamed only); one unreadable row fails the whole answer closed"
killed  P4-X131 an export without its expiry is read — killed by "P4-H03 the route's records pass (renamed only); one unreadable row fails the whole answer closed"
killed  P4-X132 an unknown export adapter is read — killed by "P4-H03 the route's records pass (renamed only); one unreadable row fails the whole answer closed"
killed  P4-X133 an export's omissions are not checked — killed by "P4-H03 the route's records pass (renamed only); one unreadable row fails the whole answer closed"
killed  P4-X134 a USD amount that is not an exact string is read — killed by "P4-H03 the route's records pass (renamed only); one unreadable row fails the whole answer closed"
killed  P4-X135 an unknown run state is read — killed by "P4-H03 the route's records pass (renamed only); one unreadable row fails the whole answer closed"
killed  P4-X136 a run without its config is read — killed by "P4-H03 the route's records pass (renamed only); one unreadable row fails the whole answer closed"
killed  P4-X137 an unknown cost (null) and a missing one read alike — killed by "P4-H03 the route's records pass (renamed only); one unreadable row fails the whole answer closed"
killed  P4-X138 a holdout without its pin is read — killed by "P4-H03 the route's records pass (renamed only); one unreadable row fails the whole answer closed"
killed  P4-X139 a run without its settled flag is read — killed by "P4-H03 the route's records pass (renamed only); one unreadable row fails the whole answer closed"
killed  P4-X140 an unknown evaluation state is read — killed by "P4-H03 the route's records pass (renamed only); one unreadable row fails the whole answer closed"
killed  P4-X141 a checkpoint without eligibility is read — killed by "P4-H03 the route's records pass (renamed only); one unreadable row fails the whole answer closed"
killed  P4-X142 an unknown checkpoint state is read — killed by "P4-H03 the route's records pass (renamed only); one unreadable row fails the whole answer closed"
killed  P4-X143 a bundle that is not an object is read — killed by "P4-H03 the route's records pass (renamed only); one unreadable row fails the whole answer closed"
killed  P4-X144 a list answer that is one record is read — killed by "P4-H03 the route's records pass (renamed only); one unreadable row fails the whole answer closed"
killed  P4-X145 a prepared run's answer is not checked — killed by "P4-H03 the route's records pass (renamed only); one unreadable row fails the whole answer closed"
killed  P4-X146 a submit's answer is not checked — killed by "P4-H03 the route's records pass (renamed only); one unreadable row fails the whole answer closed"
killed  P4-X147 an import's answer is not checked — killed by "P4-H03 the route's records pass (renamed only); one unreadable row fails the whole answer closed"
killed  P4-X148 an export's answer is not checked — killed by "P4-H03 the route's records pass (renamed only); one unreadable row fails the whole answer closed"
killed  P4-X149 a checkpoint import's answer is not checked — killed by "P4-H03 the route's records pass (renamed only); one unreadable row fails the whole answer closed"
killed  P4-X150 an approval's answer is not checked — killed by "P4-H03 the route's records pass (renamed only); one unreadable row fails the whole answer closed"
killed  P4-X151 a session-token getter that rejects escapes the adapter — killed by "P4-H05 a session-token getter that rejects is no session: nothing is sent and every call is unavailable"
killed  P4-X152 the teacher budget hides its payer — killed by "P4-V15 a teacher dry run shows its USD budget, named payer, cost ceiling and each chunk's reservation; nothing is reserved or sent"
killed  P4-X153 an unpriced batch reads as priced — killed by "P4-V15 a teacher dry run shows its USD budget, named payer, cost ceiling and each chunk's reservation; nothing is reserved or sent"
killed  P4-X154 an over-budget ceiling is not said — killed by "P4-V15 a teacher dry run shows its USD budget, named payer, cost ceiling and each chunk's reservation; nothing is reserved or sent"
killed  P4-X155 the plan hides the holdout it leaves out — killed by "P4-V15 a teacher dry run shows its USD budget, named payer, cost ceiling and each chunk's reservation; nothing is reserved or sent"
killed  P4-X156 the plan hides the samples that may not leave — killed by "P4-V15 a teacher dry run shows its USD budget, named payer, cost ceiling and each chunk's reservation; nothing is reserved or sent"
killed  P4-X157 a dry run reads as sent — killed by "P4-V15 a teacher dry run shows its USD budget, named payer, cost ceiling and each chunk's reservation; nothing is reserved or sent"
killed  P4-X158 a chunk hides its reservation — killed by "P4-V15 a teacher dry run shows its USD budget, named payer, cost ceiling and each chunk's reservation; nothing is reserved or sent"
killed  P4-X159 teacher labels read as ground truth — killed by "P4-V15 a teacher dry run shows its USD budget, named payer, cost ceiling and each chunk's reservation; nothing is reserved or sent"
killed  P4-X160 a developer may approve a teacher batch — killed by "P4-V16 only an administrator approves, only a dry run within its budget, and never twice"
killed  P4-X161 an over-budget batch is approvable — killed by "P4-V16 only an administrator approves, only a dry run within its budget, and never twice"
killed  P4-X162 an approved batch is offered approval again — killed by "P4-V16 only an administrator approves, only a dry run within its budget, and never twice"
killed  P4-X163 the approval hides who and when — killed by "P4-V16 only an administrator approves, only a dry run within its budget, and never twice"
killed  P4-X164 an ambiguous chunk reads as submitted — killed by "P4-V17 each chunk reads as its ledger records it: held, ambiguous (never resent), settled or unknown cost, stopped, failures counted"
killed  P4-X165 an unknown teacher cost is estimated — killed by "P4-V17 each chunk reads as its ledger records it: held, ambiguous (never resent), settled or unknown cost, stopped, failures counted"
killed  P4-X166 a held chunk hides its failures — killed by "P4-V17 each chunk reads as its ledger records it: held, ambiguous (never resent), settled or unknown cost, stopped, failures counted"
killed  P4-X167 an unknown failure reason is echoed — killed by "P4-V17 each chunk reads as its ledger records it: held, ambiguous (never resent), settled or unknown cost, stopped, failures counted"
killed  P4-X168 failures are not counted — killed by "P4-V17 each chunk reads as its ledger records it: held, ambiguous (never resent), settled or unknown cost, stopped, failures counted"
killed  P4-X169 a stopped chunk reads as a dry run — killed by "P4-V17 each chunk reads as its ledger records it: held, ambiguous (never resent), settled or unknown cost, stopped, failures counted"
killed  P4-X170 a failed chunk reads as held — killed by "P4-V17 each chunk reads as its ledger records it: held, ambiguous (never resent), settled or unknown cost, stopped, failures counted"
killed  P4-X171 a dry run sends — killed by "P4-J06 teacher batch: a dry run sends nothing; only an administrator approves within the budget; a double click is one batch; ambiguous, stopped and unauthorized variants"
killed  P4-X172 another batch under a batch id is accepted — killed by "P4-J06 teacher batch: a dry run sends nothing; only an administrator approves within the budget; a double click is one batch; ambiguous, stopped and unauthorized variants"
killed  P4-X173 the role is checked before the batch is found — killed by "P4-J06 teacher batch: a dry run sends nothing; only an administrator approves within the budget; a double click is one batch; ambiguous, stopped and unauthorized variants"
killed  P4-X174 a developer approves a teacher batch — killed by "P4-J06 teacher batch: a dry run sends nothing; only an administrator approves within the budget; a double click is one batch; ambiguous, stopped and unauthorized variants"
killed  P4-X175 an over-budget or unpriced batch is approved — killed by "P4-J06 teacher batch: a dry run sends nothing; only an administrator approves within the budget; a double click is one batch; ambiguous, stopped and unauthorized variants"
killed  P4-X176 live submission off still sends — killed by "P4-J06 teacher batch: a dry run sends nothing; only an administrator approves within the budget; a double click is one batch; ambiguous, stopped and unauthorized variants"
killed  P4-X177 a resume resends reserved chunks — killed by "P4-J06 teacher batch: a dry run sends nothing; only an administrator approves within the budget; a double click is one batch; ambiguous, stopped and unauthorized variants"
killed  P4-X178 the payer's budget does not stop the batch — killed by "P4-J06 teacher batch: a dry run sends nothing; only an administrator approves within the budget; a double click is one batch; ambiguous, stopped and unauthorized variants"
killed  P4-X179 another provider's payer pays a teacher — killed by "P4-J06 teacher batch: a dry run sends nothing; only an administrator approves within the budget; a double click is one batch; ambiguous, stopped and unauthorized variants"
killed  P4-X180 the holdout is sent to the teacher — killed by "P4-J06 teacher batch: a dry run sends nothing; only an administrator approves within the budget; a double click is one batch; ambiguous, stopped and unauthorized variants"
killed  P4-X181 a viewer plans a teacher batch — killed by "P4-J06 teacher batch: a dry run sends nothing; only an administrator approves within the budget; a double click is one batch; ambiguous, stopped and unauthorized variants"
killed  P4-X182 a dry run acts as the form's provider — killed by "P4-A07 a teacher dry run and its approval: the session's actor and the form's batch id; a developer never approves; malformed input never reaches the service"
killed  P4-X183 a developer's approval reaches the service — killed by "P4-A07 a teacher dry run and its approval: the session's actor and the form's batch id; a developer never approves; malformed input never reaches the service"
killed  P4-X184 any budget string passes — killed by "P4-A07 a teacher dry run and its approval: the session's actor and the form's batch id; a developer never approves; malformed input never reaches the service"
killed  P4-X185 another provider's payer or dataset passes — killed by "P4-A07 a teacher dry run and its approval: the session's actor and the form's batch id; a developer never approves; malformed input never reaches the service"
killed  P4-X186 a chunk over J1's bound passes — killed by "P4-A07 a teacher dry run and its approval: the session's actor and the form's batch id; a developer never approves; malformed input never reaches the service"
killed  P4-X187 the action mints a batch id — killed by "P4-A07 a teacher dry run and its approval: the session's actor and the form's batch id; a developer never approves; malformed input never reaches the service"
killed  P4-X188 an approval's batch id is not checked — killed by "P4-A07 a teacher dry run and its approval: the session's actor and the form's batch id; a developer never approves; malformed input never reaches the service"
killed  P4-X189 the chunk size goes out as text — killed by "P4-A07 a teacher dry run and its approval: the session's actor and the form's batch id; a developer never approves; malformed input never reaches the service"
killed  P4-X190 the batch id is typed, not minted at render — killed by "P4-P05 the teacher section: a dry-run form with its batch id minted at render, its USD budget and payer; approval only where the view allows it; unavailable said as such"
killed  P4-X191 anyone is offered the approval — killed by "P4-P05 the teacher section: a dry-run form with its batch id minted at render, its USD budget and payer; approval only where the view allows it; unavailable said as such"
killed  P4-X192 the approval names another batch — killed by "P4-P05 the teacher section: a dry-run form with its batch id minted at render, its USD budget and payer; approval only where the view allows it; unavailable said as such"
killed  P4-X193 the teacher budget is not labelled USD — killed by "P4-P05 the teacher section: a dry-run form with its batch id minted at render, its USD budget and payer; approval only where the view allows it; unavailable said as such"
killed  P4-X194 the teacher's payer is not asked for — killed by "P4-P05 the teacher section: a dry-run form with its batch id minted at render, its USD budget and payer; approval only where the view allows it; unavailable said as such"
killed  P4-X195 an unwired teacher is not said — killed by "P4-P05 the teacher section: a dry-run form with its batch id minted at render, its USD budget and payer; approval only where the view allows it; unavailable said as such"
killed  P4-X196 the dry-run button claims a send — killed by "P4-P05 the teacher section: a dry-run form with its batch id minted at render, its USD budget and payer; approval only where the view allows it; unavailable said as such"
killed  P4-X197 a batch row hides its budget and ceiling — killed by "P4-P05 the teacher section: a dry-run form with its batch id minted at render, its USD budget and payer; approval only where the view allows it; unavailable said as such"
killed  P4-X198 the teacher listing is another route — killed by "P4-H06 teacher batches: listed, planned (the form's batch id, snake_case) and approved on their routes; an unreadable batch or chunk fails closed"
killed  P4-X199 a dry run goes out in camelCase — killed by "P4-H06 teacher batches: listed, planned (the form's batch id, snake_case) and approved on their routes; an unreadable batch or chunk fails closed"
killed  P4-X200 the approval's batch id is not encoded — killed by "P4-H06 teacher batches: listed, planned (the form's batch id, snake_case) and approved on their routes; an unreadable batch or chunk fails closed"
killed  P4-X201 an approval's answer is not checked — killed by "P4-H06 teacher batches: listed, planned (the form's batch id, snake_case) and approved on their routes; an unreadable batch or chunk fails closed"
killed  P4-X202 a dry run's answer is not checked — killed by "P4-H06 teacher batches: listed, planned (the form's batch id, snake_case) and approved on their routes; an unreadable batch or chunk fails closed"
killed  P4-X203 a batch without within-budget is read — killed by "P4-H06 teacher batches: listed, planned (the form's batch id, snake_case) and approved on their routes; an unreadable batch or chunk fails closed"
killed  P4-X204 a ceiling that is not an exact string is read — killed by "P4-H06 teacher batches: listed, planned (the form's batch id, snake_case) and approved on their routes; an unreadable batch or chunk fails closed"
killed  P4-X205 an approval without its time is read — killed by "P4-H06 teacher batches: listed, planned (the form's batch id, snake_case) and approved on their routes; an unreadable batch or chunk fails closed"
killed  P4-X206 a batch without its budget is read — killed by "P4-H06 teacher batches: listed, planned (the form's batch id, snake_case) and approved on their routes; an unreadable batch or chunk fails closed"
killed  P4-X207 a batch without its payer is read — killed by "P4-H06 teacher batches: listed, planned (the form's batch id, snake_case) and approved on their routes; an unreadable batch or chunk fails closed"
killed  P4-X208 a batch without its not-permitted count is read — killed by "P4-H06 teacher batches: listed, planned (the form's batch id, snake_case) and approved on their routes; an unreadable batch or chunk fails closed"
killed  P4-X209 an unknown chunk state is read — killed by "P4-H06 teacher batches: listed, planned (the form's batch id, snake_case) and approved on their routes; an unreadable batch or chunk fails closed"
killed  P4-X210 a chunk without its hold is read — killed by "P4-H06 teacher batches: listed, planned (the form's batch id, snake_case) and approved on their routes; an unreadable batch or chunk fails closed"
killed  P4-X211 a chunk's failures are not a list — killed by "P4-H06 teacher batches: listed, planned (the form's batch id, snake_case) and approved on their routes; an unreadable batch or chunk fails closed"
killed  P4-X212 a failure without its reason is read — killed by "P4-H06 teacher batches: listed, planned (the form's batch id, snake_case) and approved on their routes; an unreadable batch or chunk fails closed"
killed  P4-X213 a chunk without its sent count is read — killed by "P4-H06 teacher batches: listed, planned (the form's batch id, snake_case) and approved on their routes; an unreadable batch or chunk fails closed"
killed  P4-X214 a chunk's unknown and missing cost read alike — killed by "P4-H06 teacher batches: listed, planned (the form's batch id, snake_case) and approved on their routes; an unreadable batch or chunk fails closed"

43 cases, all named: true; 214 mutants, 214 killed, 0 not killed
cd apps/lab && node tests/c/content/run-mutants.mjs
killed  C2-X01 the raw handle is sent — killed by "C2-L01 the issue is the named RPC with the handle's digest only, never the handle or an identity"
killed  C2-X02 a fixed handle — killed by "C2-L01 the issue is the named RPC with the handle's digest only, never the handle or an identity"
killed  C2-X03 an identity is sent — killed by "C2-L01 the issue is the named RPC with the handle's digest only, never the handle or an identity"
killed  C2-X04 the digest is not SHA-256 — killed by "C2-L01 the issue is the named RPC with the handle's digest only, never the handle or an identity"
killed  C2-X05 an expiry reads as not found — killed by "C2-L02 a refusal maps by its code; anything else, or a throw, is unavailable"
killed  C2-X06 an unknown code is taken as a refusal — killed by "C2-L02 a refusal maps by its code; anything else, or a throw, is unavailable"
killed  C2-X07 a thrown transport escapes — killed by "C2-L02 a refusal maps by its code; anything else, or a throw, is unavailable"
killed  C2-X08 any grantor is accepted — killed by "C2-L03 a malformed answer fails closed"
killed  C2-X09 another request's answer is accepted — killed by "C2-L03 a malformed answer fails closed"
killed  C2-X10 an unparseable expiry is accepted — killed by "C2-L03 a malformed answer fails closed"
killed  C2-X11 a malformed id reaches the RPC — killed by "C2-L04 a malformed input never reaches the RPC"
killed  C2-X12 any purpose reaches the RPC — killed by "C2-L04 a malformed input never reaches the RPC"
killed  C2-X13 an unknown state reads as nothing — killed by "C2-L05 every content state reads as a sentence; an unknown one reads as lost"
killed  C2-X14 pending has no sentence — killed by "C2-L05 every content state reads as a sentence; an unknown one reads as lost"

5 cases, all named: true; 14 mutants, 14 killed, 0 not killed
cd apps/lab && node tests/b/run-mutants.mjs
killed  B4-X01 costs are summed into one total — killed by "B4-C03 costs stay per unit: PROVIDER_USD beside CREDIT, and a delta only where both runs carry the unit"
killed  B4-X02 no cost reads as nothing at all — killed by "B4-R01 real D7 run records: a cancelled run's in-flight case stays unfinished, a queued one waits"
killed  B4-X03 units are listed in arrival order — killed by "B4-V05 CREDIT and PROVIDER_USD are listed per unit, as exact strings, never summed or converted"
killed  B4-X04 a queued run reads as running — killed by "B4-R01 real D7 run records: a cancelled run's in-flight case stays unfinished, a queued one waits"
killed  B4-X05 an ended run is called a success — killed by "B4-V04 a run's state is its record's: queued waits for a worker and an ended run is never called a success"
killed  B4-X06 the denominator leaves out failed and in-flight cases — killed by "B4-R01 real D7 run records: a cancelled run's in-flight case stays unfinished, a queued one waits"
killed  B4-X07 a leased case is not counted as unfinished — killed by "B4-R01 real D7 run records: a cancelled run's in-flight case stays unfinished, a queued one waits"
killed  B4-X08 cancel is offered on an ended run — killed by "B4-R01 real D7 run records: a cancelled run's in-flight case stays unfinished, a queued one waits"
killed  B4-X09 cancel is offered to a viewer — killed by "B4-V03 cancel is offered only on a queued or running run, and only to a role that runs evaluations"
killed  B4-X10 a queued run cannot be cancelled — killed by "B4-R01 real D7 run records: a cancelled run's in-flight case stays unfinished, a queued one waits"
killed  B4-X11 no attempts reads as an empty string — killed by "B4-R01 real D7 run records: a cancelled run's in-flight case stays unfinished, a queued one waits"
killed  B4-X12 an undecidable difference reads as zero — killed by "B4-V06 an estimate with too few cases or clusters shows no difference, no interval and no improvement; no latency is not a number"
killed  B4-X13 an absent interval is printed — killed by "B4-V06 an estimate with too few cases or clusters shows no difference, no interval and no improvement; no latency is not a number"
killed  B4-X14 the interval loses its lower bound — killed by "B4-C01 a required slice that is inferior rejects the candidate even when the overall estimate improved"
killed  B4-X15 improvement is claimed from non-inferiority — killed by "B4-C02 missing, errored and unscored cases stay in view and a coverage gap is inconclusive, never accepted"
killed  B4-X16 a slice is judged by the overall thresholds — killed by "B4-C01 a required slice that is inferior rejects the candidate even when the overall estimate improved"
killed  B4-X17 required slices are dropped from the comparison — killed by "B4-C02 missing, errored and unscored cases stay in view and a coverage gap is inconclusive, never accepted"
killed  B4-X18 too few cases reads as merely uncertain — killed by "B4-V06 an estimate with too few cases or clusters shows no difference, no interval and no improvement; no latency is not a number"
killed  B4-X19 an inconclusive comparison reads as accepted — killed by "B4-C02 missing, errored and unscored cases stay in view and a coverage gap is inconclusive, never accepted"
killed  B4-X20 a rejection reads as accepted — killed by "B4-C01 a required slice that is inferior rejects the candidate even when the overall estimate improved"
killed  B4-X21 the decision's reasons are hidden — killed by "B4-J01 launch → queued baseline and candidate runs → progress → cancel → the report, each read back from the records"
killed  B4-X22 paired cases lose their universe — killed by "B4-C02 missing, errored and unscored cases stay in view and a coverage gap is inconclusive, never accepted"
killed  B4-X23 missing cases lose their universe — killed by "B4-C02 missing, errored and unscored cases stay in view and a coverage gap is inconclusive, never accepted"
killed  B4-X24 unscored cases are hidden — killed by "B4-C02 missing, errored and unscored cases stay in view and a coverage gap is inconclusive, never accepted"
killed  B4-X25 errored cases are hidden — killed by "B4-C02 missing, errored and unscored cases stay in view and a coverage gap is inconclusive, never accepted"
killed  B4-X26 both runs show the baseline's costs — killed by "B4-C03 costs stay per unit: PROVIDER_USD beside CREDIT, and a delta only where both runs carry the unit"
killed  B4-X27 the cost delta is the candidate's total — killed by "B4-C03 costs stay per unit: PROVIDER_USD beside CREDIT, and a delta only where both runs carry the unit"
killed  B4-X28 the protocol digest is left out of the identity — killed by "B4-C04 the comparison names both runs, the case universe and the protocol by digest so it can be reproduced"
killed  B4-X29 the confidence is shown as a raw fraction — killed by "B4-C01 a required slice that is inferior rejects the candidate even when the overall estimate improved"
killed  B4-X30 the metric basis is not shown — killed by "B4-C01 a required slice that is inferior rejects the candidate even when the overall estimate improved"
killed  B4-X31 the pairing kind is shown raw — killed by "B4-C01 a required slice that is inferior rejects the candidate even when the overall estimate improved"
killed  B4-X32 latency loses its sample size — killed by "B4-C02 missing, errored and unscored cases stay in view and a coverage gap is inconclusive, never accepted"
killed  B4-X33 no latency prints undefined percentiles — killed by "B4-V06 an estimate with too few cases or clusters shows no difference, no interval and no improvement; no latency is not a number"
killed  B4-X34 a queued checkpoint run is not named — killed by "B4-J03 a checkpoint subscription pins its suite and CREDIT limits once; decisions arrive from B3 and stay the provider's"
killed  B4-X35 a skip hides its reason — killed by "B4-V07 a subscription shows its pinned suite, CREDIT limits and one decision per checkpoint as recorded"
killed  B4-X36 a rejected checkpoint reads as undecided — killed by "B4-V07 a subscription shows its pinned suite, CREDIT limits and one decision per checkpoint as recorded"
killed  B4-X37 the policies are swapped — killed by "B4-V07 a subscription shows its pinned suite, CREDIT limits and one decision per checkpoint as recorded"
killed  B4-X38 subscription limits lose their unit — killed by "B4-V07 a subscription shows its pinned suite, CREDIT limits and one decision per checkpoint as recorded"
killed  B4-X39 any ?refused= string is looked up — killed by "B4-V08 a refusal is fixed copy for a known reason and nothing for anything else in the URL"
killed  B4-X40 a viewer may run evaluations — killed by "B4-A02 a viewer is refused before the evaluation service is asked"
killed  B4-X41 a developer may not run evaluations — killed by "B4-A01 a launch runs as the session's provider and role and sends the parsed, predeclared protocol"
killed  B4-X42 a viewer may not read — killed by "B4-V01 everyone in the workspace reads evaluations; only developer and administrator run or cancel them"
killed  B4-X43 the preview stand-in runs in production — killed by "B4-V09 the evaluation port fails closed: unavailable until the real adapter is wired, the preview never in production"
killed  B4-X44 the default port is the stand-in, not unavailable — killed by "B4-V09 the evaluation port fails closed: unavailable until the real adapter is wired, the preview never in production"
killed  B4-X45 any preview flag value turns the stand-in on — killed by "B4-V09 the evaluation port fails closed: unavailable until the real adapter is wired, the preview never in production"
killed  B4-X46 reads are not scoped to the provider — killed by "B4-J02 foreign, viewer and malformed variants: nothing leaks, nothing is queued"
killed  B4-X47 the catalog is not scoped to the provider — killed by "B4-J02 foreign, viewer and malformed variants: nothing leaks, nothing is queued"
killed  B4-X48 another provider's run can be cancelled — killed by "B4-J02 foreign, viewer and malformed variants: nothing leaks, nothing is queued"
killed  B4-X49 a foreign run id is judged by role first (confirms it exists) — killed by "B4-J02 foreign, viewer and malformed variants: nothing leaks, nothing is queued"
killed  B4-X50 cancel without the capability — killed by "B4-J02 foreign, viewer and malformed variants: nothing leaks, nothing is queued"
killed  B4-X51 an ended run is cancelled again — killed by "B4-A04 the service's refusal is carried as its reason; a cancel lands back on the run records"
killed  B4-X114 a finished run can be cancelled (H5: only cancelled is refused) — killed by "B4-J01 launch → queued baseline and candidate runs → progress → cancel → the report, each read back from the records"
killed  B4-X52 launch without the capability — killed by "B4-J02 foreign, viewer and malformed variants: nothing leaks, nothing is queued"
killed  B4-X53 a resubmitted launch queues new runs — killed by "B4-J01 launch → queued baseline and candidate runs → progress → cancel → the report, each read back from the records"
killed  B4-X54 one id with another body is accepted — killed by "B4-J02 foreign, viewer and malformed variants: nothing leaks, nothing is queued"
killed  B4-X55 a form id finds another provider's record — killed by "B4-J02 foreign, viewer and malformed variants: nothing leaks, nothing is queued"
killed  B4-X56 a dataset the provider was not offered is queued — killed by "B4-J02 foreign, viewer and malformed variants: nothing leaks, nothing is queued"
killed  B4-X57 a harness revision not offered is queued — killed by "B4-J02 foreign, viewer and malformed variants: nothing leaks, nothing is queued"
killed  B4-X58 an evaluator not offered is queued — killed by "B4-J02 foreign, viewer and malformed variants: nothing leaks, nothing is queued"
killed  B4-X59 a baseline serving not offered is queued — killed by "B4-J02 foreign, viewer and malformed variants: nothing leaks, nothing is queued"
killed  B4-X60 a candidate serving not offered is queued — killed by "B4-J02 foreign, viewer and malformed variants: nothing leaks, nothing is queued"
killed  B4-X61 a launched run starts as running — killed by "B4-J01 launch → queued baseline and candidate runs → progress → cancel → the report, each read back from the records"
killed  B4-X62 a launched run has no cases — killed by "B4-J01 launch → queued baseline and candidate runs → progress → cancel → the report, each read back from the records"
killed  B4-X63 a launch carries a report before any run ended — killed by "B4-A06 the export is the stored B2 report verbatim for the provider's own experiment, and nothing before it exists"
killed  B4-X64 subscribe without the capability — killed by "B4-J03 a checkpoint subscription pins its suite and CREDIT limits once; decisions arrive from B3 and stay the provider's"
killed  B4-X65 a subscription to another provider's run is accepted — killed by "B4-J03 a checkpoint subscription pins its suite and CREDIT limits once; decisions arrive from B3 and stay the provider's"
killed  B4-X66 a subscription spends PROVIDER_USD — killed by "B4-J03 a checkpoint subscription pins its suite and CREDIT limits once; decisions arrive from B3 and stay the provider's"
killed  B4-X67 a run's limit may exceed the total — killed by "B4-J03 a checkpoint subscription pins its suite and CREDIT limits once; decisions arrive from B3 and stay the provider's"
killed  B4-X68 a launch acts as the form's provider — killed by "B4-A01 a launch runs as the session's provider and role and sends the parsed, predeclared protocol"
killed  B4-X69 the actor's role is not the session's — killed by "B4-A01 a launch runs as the session's provider and role and sends the parsed, predeclared protocol"
killed  B4-X70 the capability check is skipped — killed by "B4-A02 a viewer is refused before the evaluation service is asked"
killed  B4-X71 malformed input reaches the service — killed by "B4-A03 malformed launch, cancel and subscription input is refused as invalid and never reaches the service"
killed  B4-X72 a ref of any kind passes — killed by "B4-A03 malformed launch, cancel and subscription input is refused as invalid and never reaches the service"
killed  B4-X73 a ref with trailing text passes — killed by "B4-A03 malformed launch, cancel and subscription input is refused as invalid and never reaches the service"
killed  B4-X74 any record id passes — killed by "B4-A03 malformed launch, cancel and subscription input is refused as invalid and never reaches the service"
killed  B4-X75 any CREDIT string passes — killed by "B4-A03 malformed launch, cancel and subscription input is refused as invalid and never reaches the service"
killed  B4-X76 an amount is not written with 8 decimals — killed by "B4-A01 a launch runs as the session's provider and role and sends the parsed, predeclared protocol"
killed  B4-X77 zero cases may be launched — killed by "B4-A03 malformed launch, cancel and subscription input is refused as invalid and never reaches the service"
killed  B4-X78 a fractional count passes — killed by "B4-A03 malformed launch, cancel and subscription input is refused as invalid and never reaches the service"
killed  B4-X79 the confidence bounds are loosened — killed by "B4-A03 malformed launch, cancel and subscription input is refused as invalid and never reaches the service"
killed  B4-X80 a negative or infinite number passes — killed by "B4-A03 malformed launch, cancel and subscription input is refused as invalid and never reaches the service"
killed  B4-X81 one paired case may decide — killed by "B4-A03 malformed launch, cancel and subscription input is refused as invalid and never reaches the service"
killed  B4-X82 any metric basis passes — killed by "B4-A03 malformed launch, cancel and subscription input is refused as invalid and never reaches the service"
killed  B4-X83 a slice line with extra fields passes — killed by "B4-A03 malformed launch, cancel and subscription input is refused as invalid and never reaches the service"
killed  B4-X84 a slice declared twice passes — killed by "B4-A03 malformed launch, cancel and subscription input is refused as invalid and never reaches the service"
killed  B4-X85 a slice may decide on one case — killed by "B4-A03 malformed launch, cancel and subscription input is refused as invalid and never reaches the service"
killed  B4-X86 a slice without a valid margin passes — killed by "B4-A03 malformed launch, cancel and subscription input is refused as invalid and never reaches the service"
killed  B4-X87 required slices are dropped — killed by "B4-A01 a launch runs as the session's provider and role and sends the parsed, predeclared protocol"
killed  B4-X88 any policy passes — killed by "B4-A03 malformed launch, cancel and subscription input is refused as invalid and never reaches the service"
killed  B4-X89 zero concurrent runs pass — killed by "B4-A03 malformed launch, cancel and subscription input is refused as invalid and never reaches the service"
killed  B4-X90 the total limit is the per-run one — killed by "B4-A01 a launch runs as the session's provider and role and sends the parsed, predeclared protocol"
killed  B4-X91 a refusal is dropped on the way back — killed by "B4-A02 a viewer is refused before the evaluation service is asked"
killed  B4-X92 a launch lands on the list, not its records — killed by "B4-A01 a launch runs as the session's provider and role and sends the parsed, predeclared protocol"
killed  B4-X93 a success is flagged by the action, not the records — killed by "B4-A01 a launch runs as the session's provider and role and sends the parsed, predeclared protocol"
killed  B4-X94 an action runs without a provider workspace — killed by "B4-A05 a consumer-only user gets a 404 from every action and the export, and the service is never asked"
killed  B4-X95 a subscription lands on the evaluations list — killed by "B4-A01 a launch runs as the session's provider and role and sends the parsed, predeclared protocol"
killed  B4-X96 the export runs without a provider workspace — killed by "B4-A05 a consumer-only user gets a 404 from every action and the export, and the service is never asked"
killed  B4-X97 the export answers before the report exists — killed by "B4-A06 the export is the stored B2 report verbatim for the provider's own experiment, and nothing before it exists"
killed  B4-X98 the export reads as a fixed provider — killed by "B4-A06 the export is the stored B2 report verbatim for the provider's own experiment, and nothing before it exists"
killed  B4-X99 the export may be cached — killed by "B4-A06 the export is the stored B2 report verbatim for the provider's own experiment, and nothing before it exists"
killed  B4-X100 the export is shown inline — killed by "B4-A06 the export is the stored B2 report verbatim for the provider's own experiment, and nothing before it exists"
killed  B4-X101 the export drops the report's digest — killed by "B4-A06 the export is the stored B2 report verbatim for the provider's own experiment, and nothing before it exists"
killed  B4-X102 a page reads records as a fixed provider — killed by "B4-P01 each page reads the evaluation records as the session's workspace and shows ?refused= only as fixed copy"
killed  B4-X103 a page shows ?refused= raw — killed by "B4-P01 each page reads the evaluation records as the session's workspace and shows ?refused= only as fixed copy"
killed  B4-X104 a page claims success on its own — killed by "B4-P01 each page reads the evaluation records as the session's workspace and shows ?refused= only as fixed copy"
killed  B4-X105 the launch form is shown to a viewer — killed by "B4-P02 launch and subscribe forms are shown only to a role that runs evaluations and carry a fresh record id"
killed  B4-X106 the launch form carries a fixed id — killed by "B4-P02 launch and subscribe forms are shown only to a role that runs evaluations and carry a fresh record id"
killed  B4-X107 the subscribe form is shown to a viewer — killed by "B4-P02 launch and subscribe forms are shown only to a role that runs evaluations and carry a fresh record id"
killed  B4-X108 cancel is rendered on every row — killed by "B4-P02 launch and subscribe forms are shown only to a role that runs evaluations and carry a fresh record id"
killed  B4-X109 the harness is typed, not picked — killed by "B4-P02 launch and subscribe forms are shown only to a role that runs evaluations and carry a fresh record id"
killed  B4-X110 a deep link shows the first experiment — killed by "B4-P03 an experiment is found only among the workspace's own, compared only through B2's report, exported only once it exists"
killed  B4-X111 a comparison is drawn without B2's report — killed by "B4-P03 an experiment is found only among the workspace's own, compared only through B2's report, exported only once it exists"
killed  B4-X112 the export is offered before the report exists — killed by "B4-P03 an experiment is found only among the workspace's own, compared only through B2's report, exported only once it exists"
killed  B4-X113 the preview label shows when the stand-in is off — killed by "B4-P04 the preview stand-in is labelled on every page only when it is on"
killed  B4-X115 the session token is not sent — killed by "B4-H01 every call is the session's token and the actor's provider on its route, reads unwrapped from {data}"
killed  B4-X116 the provider is not the actor's — killed by "B4-H01 every call is the session's token and the actor's provider on its route, reads unwrapped from {data}"
killed  B4-X117 a read is not unwrapped from {data} — killed by "B4-H01 every call is the session's token and the actor's provider on its route, reads unwrapped from {data}"
killed  B4-X118 a cancel is a read — killed by "B4-H01 every call is the session's token and the actor's provider on its route, reads unwrapped from {data}"
killed  B4-X119 the body is dropped — killed by "B4-H01 every call is the session's token and the actor's provider on its route, reads unwrapped from {data}"
killed  B4-X120 the body is not declared JSON — killed by "B4-H01 every call is the session's token and the actor's provider on its route, reads unwrapped from {data}"
killed  B4-X121 no session reads as unavailable — killed by "B4-H02 the route's refusals are the port's reasons; anything else, or no answer, is unavailable"
killed  B4-X122 a missing capability reads as not found — killed by "B4-H02 the route's refusals are the port's reasons; anything else, or no answer, is unavailable"
killed  B4-X123 an unmapped status is invalid — killed by "B4-H02 the route's refusals are the port's reasons; anything else, or no answer, is unavailable"
killed  B4-X124 no answer is invalid — killed by "B4-H02 the route's refusals are the port's reasons; anything else, or no answer, is unavailable"
killed  B4-X125 the configured adapter is ignored — killed by "B4-W01 LAB_EVALS_API_URL set: the port reads the route as the session's own access token"
killed  B4-X126 another server env names the backend — killed by "B4-W01 LAB_EVALS_API_URL set: the port reads the route as the session's own access token"
killed  B4-X127 the publishable key is sent as the credential — killed by "B4-W01 LAB_EVALS_API_URL set: the port reads the route as the session's own access token"
killed  B4-X128 the session is read from another cookie — killed by "B4-W01 LAB_EVALS_API_URL set: the port reads the route as the session's own access token"
killed  B4-X129 the session cookies are not the request's — killed by "B4-W01 LAB_EVALS_API_URL set: the port reads the route as the session's own access token"
killed  B4-X130 a call is sent without a session token — killed by "B4-H04 without a session token nothing is sent and every call is unavailable"
killed  B4-X131 an answer is not checked — killed by "B4-H03 the backends' records pass verbatim; one unreadable row fails the whole answer closed"
killed  B4-X132 a run in an unknown state is read — killed by "B4-H03 the backends' records pass verbatim; one unreadable row fails the whole answer closed"
killed  B4-X133 a run without case counts is read — killed by "B4-H03 the backends' records pass verbatim; one unreadable row fails the whole answer closed"
killed  B4-X134 a run cost that is not an exact string is read — killed by "B4-H03 the backends' records pass verbatim; one unreadable row fails the whole answer closed"
killed  B4-X135 a list answer that is one record is read — killed by "B4-H03 the backends' records pass verbatim; one unreadable row fails the whole answer closed"
killed  B4-X136 a report without its decision is read — killed by "B4-H03 the backends' records pass verbatim; one unreadable row fails the whole answer closed"
killed  B4-X137 an unknown outcome is read — killed by "B4-H03 the backends' records pass verbatim; one unreadable row fails the whole answer closed"
killed  B4-X138 an experiment without its candidate run is read — killed by "B4-H03 the backends' records pass verbatim; one unreadable row fails the whole answer closed"
killed  B4-X139 an experiment without its protocol is read — killed by "B4-H03 the backends' records pass verbatim; one unreadable row fails the whole answer closed"
killed  B4-X140 an unnamed harness revision is offered — killed by "B4-H03 the backends' records pass verbatim; one unreadable row fails the whole answer closed"
killed  B4-X141 a catalog without servings is read — killed by "B4-H03 the backends' records pass verbatim; one unreadable row fails the whole answer closed"
killed  B4-X142 subscription decisions are not checked — killed by "B4-H03 the backends' records pass verbatim; one unreadable row fails the whole answer closed"
killed  B4-X143 an amount without its unit is read — killed by "B4-H03 the backends' records pass verbatim; one unreadable row fails the whole answer closed"
killed  B4-X144 a cancel's answer is not checked — killed by "B4-H03 the backends' records pass verbatim; one unreadable row fails the whole answer closed"
killed  B4-X145 a launch's answer is not checked — killed by "B4-H03 the backends' records pass verbatim; one unreadable row fails the whole answer closed"
killed  B4-X146 a subscription's answer is not checked — killed by "B4-H03 the backends' records pass verbatim; one unreadable row fails the whole answer closed"
killed  B4-X147 a record's missing field is not checked — killed by "B4-H03 the backends' records pass verbatim; one unreadable row fails the whole answer closed"
killed  B4-X148 list items are not checked — killed by "B4-H03 the backends' records pass verbatim; one unreadable row fails the whole answer closed"
killed  B4-X149 map values are not checked — killed by "B4-H03 the backends' records pass verbatim; one unreadable row fails the whole answer closed"
killed  B4-X150 any value is one of a set — killed by "B4-H03 the backends' records pass verbatim; one unreadable row fails the whole answer closed"
killed  B4-X151 a missing nullable field reads as null — killed by "B4-H03 the backends' records pass verbatim; one unreadable row fails the whole answer closed"
killed  B4-X152 a session-token getter that rejects escapes the adapter — killed by "B4-H05 a session-token getter that rejects is no session: nothing is sent and every call is unavailable"

34 cases, all named: true; 152 mutants, 152 killed, 0 not killed
cd apps/lab && node tests/n/run-mutants.mjs
killed  N4-X01 the backend gets a credential other than the user's session — killed by "N4-P01 every call is the provider-scoped path with the user's own token and nothing else"
killed  N4-X02 a provider id can rewrite the backend path — killed by "N4-P01 every call is the provider-scoped path with the user's own token and nothing else"
killed  N4-X03 provider data becomes cacheable — killed by "N4-P01 every call is the provider-scoped path with the user's own token and nothing else"
killed  N4-X04 a denial reads as not found — killed by "N4-P02 refusals are named failures, carrying leaks and the rejection report"
killed  N4-X05 an unknown server error reads as the user's mistake — killed by "N4-P02 refusals are named failures, carrying leaks and the rejection report"
killed  N4-X06 a refused derivation loses its leaks — killed by "N4-P02 refusals are named failures, carrying leaks and the rejection report"
killed  N4-X07 a malformed refusal is passed on as understood — killed by "N4-P02 refusals are named failures, carrying leaks and the rejection report"
killed  N4-X08 a published job without its dataset reads as success — killed by "N4-P03 a success the Lab does not understand is unavailable, never success"
killed  N4-X09 an unknown import state is accepted — killed by "N4-P03 a success the Lab does not understand is unavailable, never success"
killed  N4-X10 an unknown split is accepted — killed by "N4-P03 a success the Lab does not understand is unavailable, never success"
killed  N4-X11 an unparsed body is success — killed by "N4-P03 a success the Lab does not understand is unavailable, never success"
killed  N4-X12 a negative count is accepted — killed by "N4-P03 a success the Lab does not understand is unavailable, never success"
killed  N4-X13 a network error escapes as a crash — killed by "N4-P04 an unreachable or unconfigured service is unavailable for every call"
killed  N4-X14 the unconfigured port answers success — killed by "N4-P04 an unreachable or unconfigured service is unavailable for every call"
killed  N4-X15 a failed download is a 200 — killed by "N4-P05 a download route answers a failure with its status, never 200"
killed  N4-X16 a published job without a dataset reads as imported — killed by "N4-V01 only a published import with its dataset reads as success; the rest say how to resume"
killed  N4-X17 a running import is not followed — killed by "N4-V01 only a published import with its dataset reads as success; the rest say how to resume"
killed  N4-X18 the rejected-rows download carries the row — killed by "N4-V02 the rejected-rows download is line, reason and detail only"
killed  N4-X19 restricted samples are not counted — killed by "N4-V03 the split summary counts samples and restrictions per split"
killed  N4-X20 an unknown restriction reads as readable — killed by "N4-V04 every restriction is explained; an unknown reason is still a restriction"
killed  N4-X21 a leak is not shown — killed by "N4-V05 leakage warnings name leaks, near-duplicate families and holdout relatives"
killed  N4-X22 a holdout relative is not shown — killed by "N4-V05 leakage warnings name leaks, near-duplicate families and holdout relatives"
killed  N4-X23 a viewer reaches the backend — killed by "N4-F01 a viewer is refused before any backend call"
killed  N4-X24 the provider comes from the form — killed by "N4-F02 the provider is the guarded workspace's, never a submitted field"
killed  N4-X25 accepting rejects is ignored — killed by "N4-F02 the provider is the guarded workspace's, never a submitted field"
killed  N4-X26 an array spec is sent — killed by "N4-F03 a malformed mapping or a missing file never leaves the Lab; a preview reads only the head"
killed  N4-X27 the preview sends the whole upload — killed by "N4-F03 a malformed mapping or a missing file never leaves the Lab; a preview reads only the head"
killed  N4-X28 an empty file is sent — killed by "N4-F03 a malformed mapping or a missing file never leaves the Lab; a preview reads only the head"
killed  N4-X29 an oversized upload is sent — killed by "N4-F04 an upload over the bound is refused before the backend"
killed  N4-X30 split basis points over 10000 are sent — killed by "N4-F05 a derivation needs a UUID, whole numbers within 10000 basis points and a parent"
killed  N4-X31 a non-UUID dataset id is sent — killed by "N4-F05 a derivation needs a UUID, whole numbers within 10000 basis points and a parent"
killed  N4-X32 a derivation without a parent is sent — killed by "N4-F05 a derivation needs a UUID, whole numbers within 10000 basis points and a parent"
killed  N4-X33 an export lifetime is unbounded — killed by "N4-F06 an export lives 1 s to 7 days and names a version"
killed  N4-X34 a refusal loses its leaks and report — killed by "N4-F07 a backend failure is an error state carrying its leaks and report, never success"
killed  N4-X35 a refusal is shown without saying what failed — killed by "N4-F07 a backend failure is an error state carrying its leaks and report, never success"
killed  N4-X36 the datasets page renders without the guard — killed by "L1-B01 every page, route, provider layout and server action calls the provider guard"
killed  N4-X37 the export action runs without the guard — killed by "L1-B01 every page, route, provider layout and server action calls the provider guard"
killed  N4-X38 an export part is served without the guard — killed by "L1-B01 every page, route, provider layout and server action calls the provider guard"
killed  N4-X39 the version page renders without the guard — killed by "L1-B01 every page, route, provider layout and server action calls the provider guard"

22 cases, all named: true; 39 mutants, 39 killed, 0 not killed
